2026-02-08 09:46:27.571 [Information] FluentMigrator.Runner.Processors.MySql.MySql5Processor - Beginning Transaction
2026-02-08 09:46:27.595 [Information] FluentMigrator.Runner.Processors.MySql.MySql5Processor - Rolling back transaction
2026-02-08 09:46:27.639 [Information] FluentMigrator.Runner.MigrationRunner - VersionMigration migrating
2026-02-08 09:46:27.688 [Information] FluentMigrator.Runner.Processors.MySql.MySql5Processor - Beginning Transaction
2026-02-08 09:46:27.701 [Information] FluentMigrator.Runner.MigrationRunner - CreateTable VersionInfo
2026-02-08 09:46:27.707 [Information] FluentMigrator.Runner.Processors.MySql.MySql5Processor - CREATE TABLE `VersionInfo` (`Version` BIGINT NOT NULL) ENGINE = INNODB;
2026-02-08 09:46:27.739 [Information] FluentMigrator.Runner.MigrationRunner - => 0,0276552s
2026-02-08 09:46:27.741 [Information] FluentMigrator.Runner.Processors.MySql.MySql5Processor - Committing Transaction
2026-02-08 09:46:27.743 [Information] FluentMigrator.Runner.MigrationRunner - VersionMigration migrated
2026-02-08 09:46:27.745 [Information] FluentMigrator.Runner.MigrationRunner - => 0,0403148s
2026-02-08 09:46:27.751 [Information] FluentMigrator.Runner.MigrationRunner - VersionUniqueMigration migrating
2026-02-08 09:46:27.752 [Information] FluentMigrator.Runner.Processors.MySql.MySql5Processor - Beginning Transaction
2026-02-08 09:46:27.758 [Information] FluentMigrator.Runner.MigrationRunner - CreateIndex VersionInfo (Version)
2026-02-08 09:46:27.760 [Information] FluentMigrator.Runner.Processors.MySql.MySql5Processor - CREATE UNIQUE INDEX `UC_Version` ON `VersionInfo` (`Version` ASC);
2026-02-08 09:46:27.789 [Information] FluentMigrator.Runner.MigrationRunner - => 0,0289641s
2026-02-08 09:46:27.791 [Information] FluentMigrator.Runner.MigrationRunner - AlterTable VersionInfo
2026-02-08 09:46:27.793 [Information] FluentMigrator.Runner.MigrationRunner - => 0,0002694s
2026-02-08 09:46:27.795 [Information] FluentMigrator.Runner.MigrationRunner - CreateColumn VersionInfo AppliedOn DateTime
2026-02-08 09:46:27.798 [Information] FluentMigrator.Runner.Processors.MySql.MySql5Processor - ALTER TABLE `VersionInfo` ADD COLUMN `AppliedOn` DATETIME;
2026-02-08 09:46:27.815 [Information] FluentMigrator.Runner.MigrationRunner - => 0,0183987s
2026-02-08 09:46:27.817 [Information] FluentMigrator.Runner.Processors.MySql.MySql5Processor - Committing Transaction
2026-02-08 09:46:27.819 [Information] FluentMigrator.Runner.MigrationRunner - VersionUniqueMigration migrated
2026-02-08 09:46:27.820 [Information] FluentMigrator.Runner.MigrationRunner - => 0,0218551s
2026-02-08 09:46:27.823 [Information] FluentMigrator.Runner.MigrationRunner - VersionDescriptionMigration migrating
2026-02-08 09:46:27.825 [Information] FluentMigrator.Runner.Processors.MySql.MySql5Processor - Beginning Transaction
2026-02-08 09:46:27.828 [Information] FluentMigrator.Runner.MigrationRunner - AlterTable VersionInfo
2026-02-08 09:46:27.831 [Information] FluentMigrator.Runner.MigrationRunner - => 8,3E-05s
2026-02-08 09:46:27.858 [Information] FluentMigrator.Runner.MigrationRunner - CreateColumn VersionInfo Description String
2026-02-08 09:46:27.862 [Information] FluentMigrator.Runner.Processors.MySql.MySql5Processor - ALTER TABLE `VersionInfo` ADD COLUMN `Description` NVARCHAR(1024);
2026-02-08 09:46:27.893 [Information] FluentMigrator.Runner.MigrationRunner - => 0,0322772s
2026-02-08 09:46:27.896 [Information] FluentMigrator.Runner.Processors.MySql.MySql5Processor - Committing Transaction
2026-02-08 09:46:27.899 [Information] FluentMigrator.Runner.MigrationRunner - VersionDescriptionMigration migrated
2026-02-08 09:46:27.902 [Information] FluentMigrator.Runner.MigrationRunner - => 0,0385723s
2026-02-08 09:46:27.914 [Information] FluentMigrator.Runner.MigrationRunner - 1: Migracao01 migrating
2026-02-08 09:46:27.916 [Information] FluentMigrator.Runner.Processors.MySql.MySql5Processor - Beginning Transaction
2026-02-08 09:46:27.965 [Information] FluentMigrator.Runner.MigrationRunner - CreateTable arquivos_binarios
2026-02-08 09:46:27.969 [Information] FluentMigrator.Runner.Processors.MySql.MySql5Processor - CREATE TABLE `arquivos_binarios` (`id` INTEGER NOT NULL AUTO_INCREMENT, `arquivo` LONGBLOB NOT NULL, `tipo_arquivo` SMALLINT NOT NULL, CONSTRAINT `PK_arquivos_binarios` PRIMARY KEY (`id`)) ENGINE = INNODB;
2026-02-08 09:46:27.984 [Information] FluentMigrator.Runner.MigrationRunner - => 0,0142254s
2026-02-08 09:46:27.987 [Information] FluentMigrator.Runner.MigrationRunner - CreateTable eventos
2026-02-08 09:46:27.991 [Information] FluentMigrator.Runner.Processors.MySql.MySql5Processor - CREATE TABLE `eventos` (`id` INTEGER NOT NULL AUTO_INCREMENT, `nome` NVARCHAR(200) NOT NULL, `data_inicio_insc` DATETIME NOT NULL, `data_fim_insc` DATETIME NOT NULL, `data_inicio_evento` DATETIME NOT NULL, `data_fim_evento` DATETIME NOT NULL, `data_registro` DATETIME NOT NULL, `id_arquivo_logotipo` INTEGER, `idade_minima_insc_adulto` INTEGER NOT NULL, `regulamento` LONGTEXT CHARACTER SET utf8, CONSTRAINT `PK_eventos` PRIMARY KEY (`id`)) ENGINE = INNODB;
2026-02-08 09:46:28.018 [Information] FluentMigrator.Runner.MigrationRunner - => 0,0274863s
2026-02-08 09:46:28.022 [Information] FluentMigrator.Runner.MigrationRunner - CreateForeignKey fk_evento_arqbin eventos(id_arquivo_logotipo) arquivos_binarios(id)
2026-02-08 09:46:28.030 [Information] FluentMigrator.Runner.Processors.MySql.MySql5Processor - ALTER TABLE `eventos` ADD CONSTRAINT `fk_evento_arqbin` FOREIGN KEY (`id_arquivo_logotipo`) REFERENCES `arquivos_binarios` (`id`) ON UPDATE CASCADE;
2026-02-08 09:46:28.083 [Information] FluentMigrator.Runner.MigrationRunner - => 0,0573858s
2026-02-08 09:46:28.085 [Information] FluentMigrator.Runner.MigrationRunner - CreateTable pessoas
2026-02-08 09:46:28.087 [Information] FluentMigrator.Runner.Processors.MySql.MySql5Processor - CREATE TABLE `pessoas` (`id` INTEGER NOT NULL AUTO_INCREMENT, `cpf` NVARCHAR(11), `nome` NVARCHAR(200) NOT NULL, `celular` NVARCHAR(15) NOT NULL, `email` NVARCHAR(100) NOT NULL, `alergia_alimentos` NVARCHAR(100), `data_nascimento` DATE, `eh_diabetico` TINYINT(1) NOT NULL, `eh_vegetariano` TINYINT(1) NOT NULL, `sexo` SMALLINT, `usa_adocante_diar` TINYINT(1), CONSTRAINT `PK_pessoas` PRIMARY KEY (`id`)) ENGINE = INNODB;
2026-02-08 09:46:28.104 [Information] FluentMigrator.Runner.MigrationRunner - => 0,0174836s
2026-02-08 09:46:28.107 [Information] FluentMigrator.Runner.MigrationRunner - CreateTable inscricoes
2026-02-08 09:46:28.109 [Information] FluentMigrator.Runner.Processors.MySql.MySql5Processor - CREATE TABLE `inscricoes` (`id` INTEGER NOT NULL AUTO_INCREMENT, `tipo_inscricao` NVARCHAR(30) NOT NULL, `confirmado` TINYINT(1) NOT NULL, `data_recebimento` DATE NOT NULL, `dormira` TINYINT(1) NOT NULL, `id_evento` INTEGER NOT NULL, `nome_cracha` NVARCHAR(150), `id_pessoa` INTEGER NOT NULL, `situacao` SMALLINT NOT NULL, `observacoes` LONGTEXT CHARACTER SET utf8, `id_insc_responsavel_1` INTEGER, `id_insc_responsavel_2` INTEGER, `tipo` SMALLINT, `instituicoes_espiritas_freq` NVARCHAR(300), CONSTRAINT `PK_inscricoes` PRIMARY KEY (`id`)) ENGINE = INNODB;
2026-02-08 09:46:28.130 [Information] FluentMigrator.Runner.MigrationRunner - => 0,0204501s
2026-02-08 09:46:28.132 [Information] FluentMigrator.Runner.MigrationRunner - CreateForeignKey fk_insc_evento inscricoes(id_evento) eventos(id)
2026-02-08 09:46:28.134 [Information] FluentMigrator.Runner.Processors.MySql.MySql5Processor - ALTER TABLE `inscricoes` ADD CONSTRAINT `fk_insc_evento` FOREIGN KEY (`id_evento`) REFERENCES `eventos` (`id`) ON UPDATE CASCADE;
2026-02-08 09:46:28.179 [Information] FluentMigrator.Runner.MigrationRunner - => 0,0451149s
2026-02-08 09:46:28.215 [Information] FluentMigrator.Runner.MigrationRunner - CreateForeignKey fk_insc_pessoa inscricoes(id_pessoa) pessoas(id)
2026-02-08 09:46:28.218 [Information] FluentMigrator.Runner.Processors.MySql.MySql5Processor - ALTER TABLE `inscricoes` ADD CONSTRAINT `fk_insc_pessoa` FOREIGN KEY (`id_pessoa`) REFERENCES `pessoas` (`id`) ON UPDATE CASCADE;
2026-02-08 09:46:28.283 [Information] FluentMigrator.Runner.MigrationRunner - => 0,0651366s
2026-02-08 09:46:28.308 [Information] FluentMigrator.Runner.MigrationRunner - CreateForeignKey fk_insc_inf_1 inscricoes(id_insc_responsavel_1) inscricoes(id)
2026-02-08 09:46:28.314 [Information] FluentMigrator.Runner.Processors.MySql.MySql5Processor - ALTER TABLE `inscricoes` ADD CONSTRAINT `fk_insc_inf_1` FOREIGN KEY (`id_insc_responsavel_1`) REFERENCES `inscricoes` (`id`) ON UPDATE CASCADE;
2026-02-08 09:46:28.371 [Information] FluentMigrator.Runner.MigrationRunner - => 0,0582102s
2026-02-08 09:46:28.375 [Information] FluentMigrator.Runner.MigrationRunner - CreateForeignKey fk_insc_inf_2 inscricoes(id_insc_responsavel_2) inscricoes(id)
2026-02-08 09:46:28.377 [Information] FluentMigrator.Runner.Processors.MySql.MySql5Processor - ALTER TABLE `inscricoes` ADD CONSTRAINT `fk_insc_inf_2` FOREIGN KEY (`id_insc_responsavel_2`) REFERENCES `inscricoes` (`id`) ON UPDATE CASCADE;
2026-02-08 09:46:28.414 [Information] FluentMigrator.Runner.MigrationRunner - => 0,0363906s
2026-02-08 09:46:28.415 [Information] FluentMigrator.Runner.MigrationRunner - CreateTable formas_pagamento
2026-02-08 09:46:28.418 [Information] FluentMigrator.Runner.Processors.MySql.MySql5Processor - CREATE TABLE `formas_pagamento` (`id` INTEGER NOT NULL AUTO_INCREMENT, `nome` NVARCHAR(200) NOT NULL, `nr_parcelas_minima` INTEGER NOT NULL, `nr_parcelas_maxima` INTEGER NOT NULL, CONSTRAINT `PK_formas_pagamento` PRIMARY KEY (`id`)) ENGINE = INNODB;
2026-02-08 09:46:28.432 [Information] FluentMigrator.Runner.MigrationRunner - => 0,0133116s
2026-02-08 09:46:28.435 [Information] FluentMigrator.Runner.MigrationRunner - CreateTable contas_bancarias
2026-02-08 09:46:28.438 [Information] FluentMigrator.Runner.Processors.MySql.MySql5Processor - CREATE TABLE `contas_bancarias` (`id` INTEGER NOT NULL AUTO_INCREMENT, `nome` NVARCHAR(250) NOT NULL, CONSTRAINT `PK_contas_bancarias` PRIMARY KEY (`id`)) ENGINE = INNODB;
2026-02-08 09:46:28.455 [Information] FluentMigrator.Runner.MigrationRunner - => 0,0171367s
2026-02-08 09:46:28.457 [Information] FluentMigrator.Runner.MigrationRunner - CreateTable transacoes
2026-02-08 09:46:28.460 [Information] FluentMigrator.Runner.Processors.MySql.MySql5Processor - CREATE TABLE `transacoes` (`id` INTEGER NOT NULL AUTO_INCREMENT, `id_conta_bancaria` INTEGER NOT NULL, `data_hora` DATETIME NOT NULL, `descricao` NVARCHAR(200), `tipo` SMALLINT NOT NULL, `valor` DECIMAL(18,2) NOT NULL, CONSTRAINT `PK_transacoes` PRIMARY KEY (`id`)) ENGINE = INNODB;
2026-02-08 09:46:28.485 [Information] FluentMigrator.Runner.MigrationRunner - => 0,0227654s
2026-02-08 09:46:28.491 [Information] FluentMigrator.Runner.MigrationRunner - CreateForeignKey fk_trans_cb transacoes(id_conta_bancaria) contas_bancarias(id)
2026-02-08 09:46:28.498 [Information] FluentMigrator.Runner.Processors.MySql.MySql5Processor - ALTER TABLE `transacoes` ADD CONSTRAINT `fk_trans_cb` FOREIGN KEY (`id_conta_bancaria`) REFERENCES `contas_bancarias` (`id`) ON UPDATE CASCADE;
2026-02-08 09:46:28.553 [Information] FluentMigrator.Runner.MigrationRunner - => 0,0560311s
2026-02-08 09:46:28.556 [Information] FluentMigrator.Runner.MigrationRunner - CreateTable contas
2026-02-08 09:46:28.560 [Information] FluentMigrator.Runner.Processors.MySql.MySql5Processor - CREATE TABLE `contas` (`id` INTEGER NOT NULL AUTO_INCREMENT, `id_pessoa` INTEGER NOT NULL, `valor` DECIMAL(18,2) NOT NULL, `liquidado` TINYINT(1) NOT NULL, `data_criado` DATETIME NOT NULL, `descricao` NVARCHAR(200), `data_vencimento` DATETIME NOT NULL, `tipo` SMALLINT NOT NULL, `valor_total_transacoes` DECIMAL(18,2) NOT NULL, `valor_total_desconto` DECIMAL(18,2) NOT NULL, `valor_total_juros` DECIMAL(18,2) NOT NULL, `valor_total_multa` DECIMAL(18,2) NOT NULL, CONSTRAINT `PK_contas` PRIMARY KEY (`id`)) ENGINE = INNODB;
2026-02-08 09:46:28.620 [Information] FluentMigrator.Runner.MigrationRunner - => 0,0285609s
2026-02-08 09:46:28.651 [Information] FluentMigrator.Runner.MigrationRunner - CreateForeignKey fk_ct_pe contas(id_pessoa) pessoas(id)
2026-02-08 09:46:28.654 [Information] FluentMigrator.Runner.Processors.MySql.MySql5Processor - ALTER TABLE `contas` ADD CONSTRAINT `fk_ct_pe` FOREIGN KEY (`id_pessoa`) REFERENCES `pessoas` (`id`) ON UPDATE CASCADE;
2026-02-08 09:46:28.707 [Information] FluentMigrator.Runner.MigrationRunner - => 0,0536678s
2026-02-08 09:46:28.710 [Information] FluentMigrator.Runner.MigrationRunner - CreateTable transacoes_conta
2026-02-08 09:46:28.712 [Information] FluentMigrator.Runner.Processors.MySql.MySql5Processor - CREATE TABLE `transacoes_conta` (`id` INTEGER NOT NULL AUTO_INCREMENT, `id_conta` INTEGER NOT NULL, `id_transacao` INTEGER NOT NULL, `data` DATETIME NOT NULL, `valor_transacao` DECIMAL(18,2) NOT NULL, `valor_multa` DECIMAL(18,2) NOT NULL, `valor_juros` DECIMAL(18,2) NOT NULL, `valor_desconto` DECIMAL(18,2) NOT NULL, CONSTRAINT `PK_transacoes_conta` PRIMARY KEY (`id`)) ENGINE = INNODB;
2026-02-08 09:46:28.737 [Information] FluentMigrator.Runner.MigrationRunner - => 0,0249198s
2026-02-08 09:46:28.740 [Information] FluentMigrator.Runner.MigrationRunner - CreateForeignKey fk_tc_ct transacoes_conta(id_conta) contas(id)
2026-02-08 09:46:28.742 [Information] FluentMigrator.Runner.Processors.MySql.MySql5Processor - ALTER TABLE `transacoes_conta` ADD CONSTRAINT `fk_tc_ct` FOREIGN KEY (`id_conta`) REFERENCES `contas` (`id`) ON DELETE CASCADE ON UPDATE CASCADE;
2026-02-08 09:46:28.813 [Information] FluentMigrator.Runner.MigrationRunner - => 0,0450108s
2026-02-08 09:46:28.818 [Information] FluentMigrator.Runner.MigrationRunner - CreateForeignKey fk_tc_tr transacoes_conta(id_transacao) transacoes(id)
2026-02-08 09:46:28.824 [Information] FluentMigrator.Runner.Processors.MySql.MySql5Processor - ALTER TABLE `transacoes_conta` ADD CONSTRAINT `fk_tc_tr` FOREIGN KEY (`id_transacao`) REFERENCES `transacoes` (`id`) ON UPDATE CASCADE;
2026-02-08 09:46:28.904 [Information] FluentMigrator.Runner.MigrationRunner - => 0,0821171s
2026-02-08 09:46:28.906 [Information] FluentMigrator.Runner.MigrationRunner - CreateTable pedidos
2026-02-08 09:46:28.908 [Information] FluentMigrator.Runner.Processors.MySql.MySql5Processor - CREATE TABLE `pedidos` (`id` INTEGER NOT NULL AUTO_INCREMENT, `valor` DECIMAL(18,2) NOT NULL, `tipo` SMALLINT NOT NULL, `id_forma_pagamento` INTEGER NOT NULL, `id_conta` INTEGER NOT NULL, `id_pessoa_pagadora` INTEGER NOT NULL, CONSTRAINT `PK_pedidos` PRIMARY KEY (`id`)) ENGINE = INNODB;
2026-02-08 09:46:28.929 [Information] FluentMigrator.Runner.MigrationRunner - => 0,0195296s
2026-02-08 09:46:28.960 [Information] FluentMigrator.Runner.MigrationRunner - CreateForeignKey fk_pedido_forma_pag pedidos(id_forma_pagamento) formas_pagamento(id)
2026-02-08 09:46:28.965 [Information] FluentMigrator.Runner.Processors.MySql.MySql5Processor - ALTER TABLE `pedidos` ADD CONSTRAINT `fk_pedido_forma_pag` FOREIGN KEY (`id_forma_pagamento`) REFERENCES `formas_pagamento` (`id`) ON UPDATE CASCADE;
2026-02-08 09:46:29.019 [Information] FluentMigrator.Runner.MigrationRunner - => 0,0564462s
2026-02-08 09:46:29.021 [Information] FluentMigrator.Runner.MigrationRunner - CreateForeignKey fk_pedido_conta pedidos(id_conta) contas(id)
2026-02-08 09:46:29.023 [Information] FluentMigrator.Runner.Processors.MySql.MySql5Processor - ALTER TABLE `pedidos` ADD CONSTRAINT `fk_pedido_conta` FOREIGN KEY (`id_conta`) REFERENCES `contas` (`id`) ON DELETE CASCADE ON UPDATE CASCADE;
2026-02-08 09:46:29.076 [Information] FluentMigrator.Runner.MigrationRunner - => 0,051784s
2026-02-08 09:46:29.079 [Information] FluentMigrator.Runner.MigrationRunner - CreateForeignKey fk_pedido_pessoa_pag pedidos(id_pessoa_pagadora) pessoas(id)
2026-02-08 09:46:29.083 [Information] FluentMigrator.Runner.Processors.MySql.MySql5Processor - ALTER TABLE `pedidos` ADD CONSTRAINT `fk_pedido_pessoa_pag` FOREIGN KEY (`id_pessoa_pagadora`) REFERENCES `pessoas` (`id`) ON UPDATE CASCADE;
2026-02-08 09:46:29.128 [Information] FluentMigrator.Runner.MigrationRunner - => 0,044879s
2026-02-08 09:46:29.161 [Information] FluentMigrator.Runner.MigrationRunner - CreateTable pedidos_inscricoes
2026-02-08 09:46:29.168 [Information] FluentMigrator.Runner.Processors.MySql.MySql5Processor - CREATE TABLE `pedidos_inscricoes` (`id_pedido` INTEGER NOT NULL, `id_inscricao` INTEGER NOT NULL) ENGINE = INNODB;
2026-02-08 09:46:29.190 [Information] FluentMigrator.Runner.MigrationRunner - => 0,0232827s
2026-02-08 09:46:29.194 [Information] FluentMigrator.Runner.MigrationRunner - CreateForeignKey fk_pedinsc_pedido pedidos_inscricoes(id_pedido) pedidos(id)
2026-02-08 09:46:29.198 [Information] FluentMigrator.Runner.Processors.MySql.MySql5Processor - ALTER TABLE `pedidos_inscricoes` ADD CONSTRAINT `fk_pedinsc_pedido` FOREIGN KEY (`id_pedido`) REFERENCES `pedidos` (`id`) ON UPDATE CASCADE;
2026-02-08 09:46:29.233 [Information] FluentMigrator.Runner.MigrationRunner - => 0,0364174s
2026-02-08 09:46:29.235 [Information] FluentMigrator.Runner.MigrationRunner - CreateForeignKey fk_pedinsc_insc pedidos_inscricoes(id_inscricao) inscricoes(id)
2026-02-08 09:46:29.237 [Information] FluentMigrator.Runner.Processors.MySql.MySql5Processor - ALTER TABLE `pedidos_inscricoes` ADD CONSTRAINT `fk_pedinsc_insc` FOREIGN KEY (`id_inscricao`) REFERENCES `inscricoes` (`id`) ON UPDATE CASCADE;
2026-02-08 09:46:29.265 [Information] FluentMigrator.Runner.MigrationRunner - => 0,0273244s
2026-02-08 09:46:29.266 [Information] FluentMigrator.Runner.MigrationRunner - CreateConstraint pk_pedidos_inscricoes
2026-02-08 09:46:29.269 [Information] FluentMigrator.Runner.Processors.MySql.MySql5Processor - ALTER TABLE `pedidos_inscricoes` ADD CONSTRAINT `pk_pedidos_inscricoes` PRIMARY KEY (`id_pedido`, `id_inscricao`);
2026-02-08 09:46:29.297 [Information] FluentMigrator.Runner.MigrationRunner - => 0,0273916s
2026-02-08 09:46:29.299 [Information] FluentMigrator.Runner.MigrationRunner - CreateTable integradores_financeiros
2026-02-08 09:46:29.302 [Information] FluentMigrator.Runner.Processors.MySql.MySql5Processor - CREATE TABLE `integradores_financeiros` (`id` INTEGER NOT NULL AUTO_INCREMENT, `id_conta_bancaria` INTEGER NOT NULL, `token_acesso` NVARCHAR(1000) NOT NULL, `integracao_externa` SMALLINT NOT NULL, CONSTRAINT `PK_integradores_financeiros` PRIMARY KEY (`id`)) ENGINE = INNODB;
2026-02-08 09:46:29.321 [Information] FluentMigrator.Runner.MigrationRunner - => 0,0186359s
2026-02-08 09:46:29.323 [Information] FluentMigrator.Runner.MigrationRunner - CreateForeignKey fk_if_cb integradores_financeiros(id_conta_bancaria) contas_bancarias(id)
2026-02-08 09:46:29.325 [Information] FluentMigrator.Runner.Processors.MySql.MySql5Processor - ALTER TABLE `integradores_financeiros` ADD CONSTRAINT `fk_if_cb` FOREIGN KEY (`id_conta_bancaria`) REFERENCES `contas_bancarias` (`id`) ON UPDATE CASCADE;
2026-02-08 09:46:29.368 [Information] FluentMigrator.Runner.MigrationRunner - => 0,0414725s
2026-02-08 09:46:29.370 [Information] FluentMigrator.Runner.MigrationRunner - CreateTable registros_integracao_financeira
2026-02-08 09:46:29.373 [Information] FluentMigrator.Runner.Processors.MySql.MySql5Processor - CREATE TABLE `registros_integracao_financeira` (`id` INTEGER NOT NULL AUTO_INCREMENT, `id_integrador_financeiro` INTEGER NOT NULL, `id_conta` INTEGER NOT NULL, `valor` DECIMAL(18,2) NOT NULL, `data_registro` DATETIME NOT NULL, `tipo` SMALLINT NOT NULL, `situacao` SMALLINT NOT NULL, `numero_parcelas` INTEGER, `data_concluido_abortado` DATETIME, `id_no_integrador` NVARCHAR(1000), `id_transacao` NVARCHAR(1000), CONSTRAINT `PK_registros_integracao_financeira` PRIMARY KEY (`id`)) ENGINE = INNODB;
2026-02-08 09:46:29.391 [Information] FluentMigrator.Runner.MigrationRunner - => 0,0180529s
2026-02-08 09:46:29.424 [Information] FluentMigrator.Runner.MigrationRunner - CreateForeignKey fk_rif_if registros_integracao_financeira(id_integrador_financeiro) integradores_financeiros(id)
2026-02-08 09:46:29.428 [Information] FluentMigrator.Runner.Processors.MySql.MySql5Processor - ALTER TABLE `registros_integracao_financeira` ADD CONSTRAINT `fk_rif_if` FOREIGN KEY (`id_integrador_financeiro`) REFERENCES `integradores_financeiros` (`id`) ON UPDATE CASCADE;
2026-02-08 09:46:29.461 [Information] FluentMigrator.Runner.MigrationRunner - => 0,0338531s
2026-02-08 09:46:29.464 [Information] FluentMigrator.Runner.MigrationRunner - CreateForeignKey fk_rif_if registros_integracao_financeira(id_conta) contas_bancarias(id)
2026-02-08 09:46:29.466 [Information] FluentMigrator.Runner.Processors.MySql.MySql5Processor - ALTER TABLE `registros_integracao_financeira` ADD CONSTRAINT `fk_rif_if` FOREIGN KEY (`id_conta`) REFERENCES `contas_bancarias` (`id`) ON UPDATE CASCADE;
2026-02-08 09:46:29.557 [Error] FluentMigrator.Runner.MigrationRunner - Duplicate key name 'fk_rif_if' MySql.Data.MySqlClient.MySqlException (0x80004005): Duplicate key name 'fk_rif_if'
   at MySql.Data.MySqlClient.MySqlStream.ReadPacketAsync(Boolean execAsync)
   at MySql.Data.MySqlClient.NativeDriver.GetResultAsync(Int32 affectedRow, Int64 insertedId, Boolean execAsync)
   at MySql.Data.MySqlClient.Driver.GetResultAsync(Int32 statementId, Int32 affectedRows, Int64 insertedId, Boolean execAsync)
   at MySql.Data.MySqlClient.Driver.NextResultAsync(Int32 statementId, Boolean force, Boolean execAsync)
   at MySql.Data.MySqlClient.MySqlDataReader.NextResultAsync(Boolean execAsync, CancellationToken cancellationToken)
   at MySql.Data.MySqlClient.MySqlDataReader.NextResultAsync(Boolean execAsync, CancellationToken cancellationToken)
   at MySql.Data.MySqlClient.MySqlCommand.ExecuteReaderAsync(CommandBehavior behavior, Boolean execAsync, CancellationToken cancellationToken)
   at MySql.Data.MySqlClient.MySqlCommand.ExecuteReaderAsync(CommandBehavior behavior, Boolean execAsync, CancellationToken cancellationToken)
   at MySql.Data.MySqlClient.MySqlCommand.ExecuteReaderAsync(CommandBehavior behavior, Boolean execAsync, CancellationToken cancellationToken)
   at MySql.Data.MySqlClient.MySqlCommand.ExecuteNonQueryAsync(Boolean execAsync, CancellationToken cancellationToken)
   at MySql.Data.MySqlClient.MySqlCommand.ExecuteNonQuery()
   at FluentMigrator.Runner.Processors.MySql.MySqlProcessor.Process(String sql)
   at FluentMigrator.Runner.Processors.ProcessorBase.Process(CreateForeignKeyExpression expression)
   at FluentMigrator.Expressions.CreateForeignKeyExpression.ExecuteWith(IMigrationProcessor processor)
   at FluentMigrator.Runner.MigrationRunner.<>c__DisplayClass75_0.<ExecuteExpressions>b__1()
   at FluentMigrator.Runner.StopWatch.Time(Action action)
   at FluentMigrator.Runner.MigrationRunner.AnnounceTime(String message, Action action)
   at FluentMigrator.Runner.MigrationRunner.ExecuteExpressions(ICollection`1 expressions)
2026-02-08 09:46:29.562 [Information] FluentMigrator.Runner.Processors.MySql.MySql5Processor - Rolling back transaction
2026-02-08 09:47:31.371 [Information] FluentMigrator.Runner.Processors.MySql.MySql5Processor - Beginning Transaction
2026-02-08 09:47:31.413 [Information] FluentMigrator.Runner.Processors.MySql.MySql5Processor - Rolling back transaction
2026-02-08 09:47:31.460 [Information] FluentMigrator.Runner.MigrationRunner - VersionMigration migrating
2026-02-08 09:47:31.463 [Information] FluentMigrator.Runner.Processors.MySql.MySql5Processor - Beginning Transaction
2026-02-08 09:47:31.474 [Information] FluentMigrator.Runner.MigrationRunner - CreateTable VersionInfo
2026-02-08 09:47:31.481 [Information] FluentMigrator.Runner.Processors.MySql.MySql5Processor - CREATE TABLE `VersionInfo` (`Version` BIGINT NOT NULL) ENGINE = INNODB;
2026-02-08 09:47:31.503 [Information] FluentMigrator.Runner.MigrationRunner - => 0,0202425s
2026-02-08 09:47:31.505 [Information] FluentMigrator.Runner.Processors.MySql.MySql5Processor - Committing Transaction
2026-02-08 09:47:31.508 [Information] FluentMigrator.Runner.MigrationRunner - VersionMigration migrated
2026-02-08 09:47:31.511 [Information] FluentMigrator.Runner.MigrationRunner - => 0,0319714s
2026-02-08 09:47:31.514 [Information] FluentMigrator.Runner.MigrationRunner - VersionUniqueMigration migrating
2026-02-08 09:47:31.516 [Information] FluentMigrator.Runner.Processors.MySql.MySql5Processor - Beginning Transaction
2026-02-08 09:47:31.523 [Information] FluentMigrator.Runner.MigrationRunner - CreateIndex VersionInfo (Version)
2026-02-08 09:47:31.527 [Information] FluentMigrator.Runner.Processors.MySql.MySql5Processor - CREATE UNIQUE INDEX `UC_Version` ON `VersionInfo` (`Version` ASC);
2026-02-08 09:47:31.549 [Information] FluentMigrator.Runner.MigrationRunner - => 0,024172s
2026-02-08 09:47:31.550 [Information] FluentMigrator.Runner.MigrationRunner - AlterTable VersionInfo
2026-02-08 09:47:31.553 [Information] FluentMigrator.Runner.MigrationRunner - => 0,00037s
2026-02-08 09:47:31.554 [Information] FluentMigrator.Runner.MigrationRunner - CreateColumn VersionInfo AppliedOn DateTime
2026-02-08 09:47:31.556 [Information] FluentMigrator.Runner.Processors.MySql.MySql5Processor - ALTER TABLE `VersionInfo` ADD COLUMN `AppliedOn` DATETIME;
2026-02-08 09:47:31.572 [Information] FluentMigrator.Runner.MigrationRunner - => 0,0161467s
2026-02-08 09:47:31.574 [Information] FluentMigrator.Runner.Processors.MySql.MySql5Processor - Committing Transaction
2026-02-08 09:47:31.576 [Information] FluentMigrator.Runner.MigrationRunner - VersionUniqueMigration migrated
2026-02-08 09:47:31.578 [Information] FluentMigrator.Runner.MigrationRunner - => 0,0196523s
2026-02-08 09:47:31.581 [Information] FluentMigrator.Runner.MigrationRunner - VersionDescriptionMigration migrating
2026-02-08 09:47:31.583 [Information] FluentMigrator.Runner.Processors.MySql.MySql5Processor - Beginning Transaction
2026-02-08 09:47:31.586 [Information] FluentMigrator.Runner.MigrationRunner - AlterTable VersionInfo
2026-02-08 09:47:31.588 [Information] FluentMigrator.Runner.MigrationRunner - => 5,44E-05s
2026-02-08 09:47:31.589 [Information] FluentMigrator.Runner.MigrationRunner - CreateColumn VersionInfo Description String
2026-02-08 09:47:31.592 [Information] FluentMigrator.Runner.Processors.MySql.MySql5Processor - ALTER TABLE `VersionInfo` ADD COLUMN `Description` NVARCHAR(1024);
2026-02-08 09:47:31.635 [Information] FluentMigrator.Runner.MigrationRunner - => 0,0428532s
2026-02-08 09:47:31.637 [Information] FluentMigrator.Runner.Processors.MySql.MySql5Processor - Committing Transaction
2026-02-08 09:47:31.639 [Information] FluentMigrator.Runner.MigrationRunner - VersionDescriptionMigration migrated
2026-02-08 09:47:31.641 [Information] FluentMigrator.Runner.MigrationRunner - => 0,0480016s
2026-02-08 09:47:31.648 [Information] FluentMigrator.Runner.MigrationRunner - 1: Migracao01 migrating
2026-02-08 09:47:31.650 [Information] FluentMigrator.Runner.Processors.MySql.MySql5Processor - Beginning Transaction
2026-02-08 09:47:31.664 [Information] FluentMigrator.Runner.MigrationRunner - CreateTable arquivos_binarios
2026-02-08 09:47:31.667 [Information] FluentMigrator.Runner.Processors.MySql.MySql5Processor - CREATE TABLE `arquivos_binarios` (`id` INTEGER NOT NULL AUTO_INCREMENT, `arquivo` LONGBLOB NOT NULL, `tipo_arquivo` SMALLINT NOT NULL, CONSTRAINT `PK_arquivos_binarios` PRIMARY KEY (`id`)) ENGINE = INNODB;
2026-02-08 09:47:31.679 [Information] FluentMigrator.Runner.MigrationRunner - => 0,0135244s
2026-02-08 09:47:31.680 [Information] FluentMigrator.Runner.MigrationRunner - CreateTable eventos
2026-02-08 09:47:31.682 [Information] FluentMigrator.Runner.Processors.MySql.MySql5Processor - CREATE TABLE `eventos` (`id` INTEGER NOT NULL AUTO_INCREMENT, `nome` NVARCHAR(200) NOT NULL, `data_inicio_insc` DATETIME NOT NULL, `data_fim_insc` DATETIME NOT NULL, `data_inicio_evento` DATETIME NOT NULL, `data_fim_evento` DATETIME NOT NULL, `data_registro` DATETIME NOT NULL, `id_arquivo_logotipo` INTEGER, `idade_minima_insc_adulto` INTEGER NOT NULL, `regulamento` LONGTEXT CHARACTER SET utf8, CONSTRAINT `PK_eventos` PRIMARY KEY (`id`)) ENGINE = INNODB;
2026-02-08 09:47:31.695 [Information] FluentMigrator.Runner.MigrationRunner - => 0,0127145s
2026-02-08 09:47:31.697 [Information] FluentMigrator.Runner.MigrationRunner - CreateForeignKey fk_evento_arqbin eventos(id_arquivo_logotipo) arquivos_binarios(id)
2026-02-08 09:47:31.700 [Information] FluentMigrator.Runner.Processors.MySql.MySql5Processor - ALTER TABLE `eventos` ADD CONSTRAINT `fk_evento_arqbin` FOREIGN KEY (`id_arquivo_logotipo`) REFERENCES `arquivos_binarios` (`id`) ON UPDATE CASCADE;
2026-02-08 09:47:31.725 [Information] FluentMigrator.Runner.MigrationRunner - => 0,0262084s
2026-02-08 09:47:31.750 [Information] FluentMigrator.Runner.MigrationRunner - CreateTable pessoas
2026-02-08 09:47:31.753 [Information] FluentMigrator.Runner.Processors.MySql.MySql5Processor - CREATE TABLE `pessoas` (`id` INTEGER NOT NULL AUTO_INCREMENT, `cpf` NVARCHAR(11), `nome` NVARCHAR(200) NOT NULL, `celular` NVARCHAR(15) NOT NULL, `email` NVARCHAR(100) NOT NULL, `alergia_alimentos` NVARCHAR(100), `data_nascimento` DATE, `eh_diabetico` TINYINT(1) NOT NULL, `eh_vegetariano` TINYINT(1) NOT NULL, `sexo` SMALLINT, `usa_adocante_diar` TINYINT(1), CONSTRAINT `PK_pessoas` PRIMARY KEY (`id`)) ENGINE = INNODB;
2026-02-08 09:47:31.767 [Information] FluentMigrator.Runner.MigrationRunner - => 0,0150491s
2026-02-08 09:47:31.795 [Information] FluentMigrator.Runner.MigrationRunner - CreateTable inscricoes
2026-02-08 09:47:31.799 [Information] FluentMigrator.Runner.Processors.MySql.MySql5Processor - CREATE TABLE `inscricoes` (`id` INTEGER NOT NULL AUTO_INCREMENT, `tipo_inscricao` NVARCHAR(30) NOT NULL, `confirmado` TINYINT(1) NOT NULL, `data_recebimento` DATE NOT NULL, `dormira` TINYINT(1) NOT NULL, `id_evento` INTEGER NOT NULL, `nome_cracha` NVARCHAR(150), `id_pessoa` INTEGER NOT NULL, `situacao` SMALLINT NOT NULL, `observacoes` LONGTEXT CHARACTER SET utf8, `id_insc_responsavel_1` INTEGER, `id_insc_responsavel_2` INTEGER, `tipo` SMALLINT, `instituicoes_espiritas_freq` NVARCHAR(300), CONSTRAINT `PK_inscricoes` PRIMARY KEY (`id`)) ENGINE = INNODB;
2026-02-08 09:47:31.816 [Information] FluentMigrator.Runner.MigrationRunner - => 0,0168495s
2026-02-08 09:47:31.818 [Information] FluentMigrator.Runner.MigrationRunner - CreateForeignKey fk_insc_evento inscricoes(id_evento) eventos(id)
2026-02-08 09:47:31.820 [Information] FluentMigrator.Runner.Processors.MySql.MySql5Processor - ALTER TABLE `inscricoes` ADD CONSTRAINT `fk_insc_evento` FOREIGN KEY (`id_evento`) REFERENCES `eventos` (`id`) ON UPDATE CASCADE;
2026-02-08 09:47:31.890 [Information] FluentMigrator.Runner.MigrationRunner - => 0,0416917s
2026-02-08 09:47:31.896 [Information] FluentMigrator.Runner.MigrationRunner - CreateForeignKey fk_insc_pessoa inscricoes(id_pessoa) pessoas(id)
2026-02-08 09:47:31.901 [Information] FluentMigrator.Runner.Processors.MySql.MySql5Processor - ALTER TABLE `inscricoes` ADD CONSTRAINT `fk_insc_pessoa` FOREIGN KEY (`id_pessoa`) REFERENCES `pessoas` (`id`) ON UPDATE CASCADE;
2026-02-08 09:47:31.940 [Information] FluentMigrator.Runner.MigrationRunner - => 0,0398581s
2026-02-08 09:47:31.941 [Information] FluentMigrator.Runner.MigrationRunner - CreateForeignKey fk_insc_inf_1 inscricoes(id_insc_responsavel_1) inscricoes(id)
2026-02-08 09:47:31.944 [Information] FluentMigrator.Runner.Processors.MySql.MySql5Processor - ALTER TABLE `inscricoes` ADD CONSTRAINT `fk_insc_inf_1` FOREIGN KEY (`id_insc_responsavel_1`) REFERENCES `inscricoes` (`id`) ON UPDATE CASCADE;
2026-02-08 09:47:31.982 [Information] FluentMigrator.Runner.MigrationRunner - => 0,0383047s
2026-02-08 09:47:31.984 [Information] FluentMigrator.Runner.MigrationRunner - CreateForeignKey fk_insc_inf_2 inscricoes(id_insc_responsavel_2) inscricoes(id)
2026-02-08 09:47:31.985 [Information] FluentMigrator.Runner.Processors.MySql.MySql5Processor - ALTER TABLE `inscricoes` ADD CONSTRAINT `fk_insc_inf_2` FOREIGN KEY (`id_insc_responsavel_2`) REFERENCES `inscricoes` (`id`) ON UPDATE CASCADE;
2026-02-08 09:47:32.022 [Information] FluentMigrator.Runner.MigrationRunner - => 0,0361995s
2026-02-08 09:47:32.024 [Information] FluentMigrator.Runner.MigrationRunner - CreateTable formas_pagamento
2026-02-08 09:47:32.026 [Information] FluentMigrator.Runner.Processors.MySql.MySql5Processor - CREATE TABLE `formas_pagamento` (`id` INTEGER NOT NULL AUTO_INCREMENT, `nome` NVARCHAR(200) NOT NULL, `nr_parcelas_minima` INTEGER NOT NULL, `nr_parcelas_maxima` INTEGER NOT NULL, CONSTRAINT `PK_formas_pagamento` PRIMARY KEY (`id`)) ENGINE = INNODB;
2026-02-08 09:47:32.039 [Information] FluentMigrator.Runner.MigrationRunner - => 0,0136365s
2026-02-08 09:47:32.041 [Information] FluentMigrator.Runner.MigrationRunner - CreateTable contas_bancarias
2026-02-08 09:47:32.045 [Information] FluentMigrator.Runner.Processors.MySql.MySql5Processor - CREATE TABLE `contas_bancarias` (`id` INTEGER NOT NULL AUTO_INCREMENT, `nome` NVARCHAR(250) NOT NULL, CONSTRAINT `PK_contas_bancarias` PRIMARY KEY (`id`)) ENGINE = INNODB;
2026-02-08 09:47:32.060 [Information] FluentMigrator.Runner.MigrationRunner - => 0,0167562s
2026-02-08 09:47:32.062 [Information] FluentMigrator.Runner.MigrationRunner - CreateTable transacoes
2026-02-08 09:47:32.064 [Information] FluentMigrator.Runner.Processors.MySql.MySql5Processor - CREATE TABLE `transacoes` (`id` INTEGER NOT NULL AUTO_INCREMENT, `id_conta_bancaria` INTEGER NOT NULL, `data_hora` DATETIME NOT NULL, `descricao` NVARCHAR(200), `tipo` SMALLINT NOT NULL, `valor` DECIMAL(18,2) NOT NULL, CONSTRAINT `PK_transacoes` PRIMARY KEY (`id`)) ENGINE = INNODB;
2026-02-08 09:47:32.076 [Information] FluentMigrator.Runner.MigrationRunner - => 0,0119274s
2026-02-08 09:47:32.078 [Information] FluentMigrator.Runner.MigrationRunner - CreateForeignKey fk_trans_cb transacoes(id_conta_bancaria) contas_bancarias(id)
2026-02-08 09:47:32.079 [Information] FluentMigrator.Runner.Processors.MySql.MySql5Processor - ALTER TABLE `transacoes` ADD CONSTRAINT `fk_trans_cb` FOREIGN KEY (`id_conta_bancaria`) REFERENCES `contas_bancarias` (`id`) ON UPDATE CASCADE;
2026-02-08 09:47:32.114 [Information] FluentMigrator.Runner.MigrationRunner - => 0,0343121s
2026-02-08 09:47:32.116 [Information] FluentMigrator.Runner.MigrationRunner - CreateTable contas
2026-02-08 09:47:32.118 [Information] FluentMigrator.Runner.Processors.MySql.MySql5Processor - CREATE TABLE `contas` (`id` INTEGER NOT NULL AUTO_INCREMENT, `id_pessoa` INTEGER NOT NULL, `valor` DECIMAL(18,2) NOT NULL, `liquidado` TINYINT(1) NOT NULL, `data_criado` DATETIME NOT NULL, `descricao` NVARCHAR(200), `data_vencimento` DATETIME NOT NULL, `tipo` SMALLINT NOT NULL, `valor_total_transacoes` DECIMAL(18,2) NOT NULL, `valor_total_desconto` DECIMAL(18,2) NOT NULL, `valor_total_juros` DECIMAL(18,2) NOT NULL, `valor_total_multa` DECIMAL(18,2) NOT NULL, CONSTRAINT `PK_contas` PRIMARY KEY (`id`)) ENGINE = INNODB;
2026-02-08 09:47:32.134 [Information] FluentMigrator.Runner.MigrationRunner - => 0,015844s
2026-02-08 09:47:32.136 [Information] FluentMigrator.Runner.MigrationRunner - CreateForeignKey fk_ct_pe contas(id_pessoa) pessoas(id)
2026-02-08 09:47:32.137 [Information] FluentMigrator.Runner.Processors.MySql.MySql5Processor - ALTER TABLE `contas` ADD CONSTRAINT `fk_ct_pe` FOREIGN KEY (`id_pessoa`) REFERENCES `pessoas` (`id`) ON UPDATE CASCADE;
2026-02-08 09:47:32.168 [Information] FluentMigrator.Runner.MigrationRunner - => 0,0301174s
2026-02-08 09:47:32.193 [Information] FluentMigrator.Runner.MigrationRunner - CreateTable transacoes_conta
2026-02-08 09:47:32.198 [Information] FluentMigrator.Runner.Processors.MySql.MySql5Processor - CREATE TABLE `transacoes_conta` (`id` INTEGER NOT NULL AUTO_INCREMENT, `id_conta` INTEGER NOT NULL, `id_transacao` INTEGER NOT NULL, `data` DATETIME NOT NULL, `valor_transacao` DECIMAL(18,2) NOT NULL, `valor_multa` DECIMAL(18,2) NOT NULL, `valor_juros` DECIMAL(18,2) NOT NULL, `valor_desconto` DECIMAL(18,2) NOT NULL, CONSTRAINT `PK_transacoes_conta` PRIMARY KEY (`id`)) ENGINE = INNODB;
2026-02-08 09:47:32.215 [Information] FluentMigrator.Runner.MigrationRunner - => 0,017902s
2026-02-08 09:47:32.240 [Information] FluentMigrator.Runner.MigrationRunner - CreateForeignKey fk_tc_ct transacoes_conta(id_conta) contas(id)
2026-02-08 09:47:32.245 [Information] FluentMigrator.Runner.Processors.MySql.MySql5Processor - ALTER TABLE `transacoes_conta` ADD CONSTRAINT `fk_tc_ct` FOREIGN KEY (`id_conta`) REFERENCES `contas` (`id`) ON DELETE CASCADE ON UPDATE CASCADE;
2026-02-08 09:47:32.299 [Information] FluentMigrator.Runner.MigrationRunner - => 0,0551503s
2026-02-08 09:47:32.300 [Information] FluentMigrator.Runner.MigrationRunner - CreateForeignKey fk_tc_tr transacoes_conta(id_transacao) transacoes(id)
2026-02-08 09:47:32.302 [Information] FluentMigrator.Runner.Processors.MySql.MySql5Processor - ALTER TABLE `transacoes_conta` ADD CONSTRAINT `fk_tc_tr` FOREIGN KEY (`id_transacao`) REFERENCES `transacoes` (`id`) ON UPDATE CASCADE;
2026-02-08 09:47:32.334 [Information] FluentMigrator.Runner.MigrationRunner - => 0,0315378s
2026-02-08 09:47:32.365 [Information] FluentMigrator.Runner.MigrationRunner - CreateTable pedidos
2026-02-08 09:47:32.370 [Information] FluentMigrator.Runner.Processors.MySql.MySql5Processor - CREATE TABLE `pedidos` (`id` INTEGER NOT NULL AUTO_INCREMENT, `valor` DECIMAL(18,2) NOT NULL, `tipo` SMALLINT NOT NULL, `id_forma_pagamento` INTEGER NOT NULL, `id_conta` INTEGER NOT NULL, `id_pessoa_pagadora` INTEGER NOT NULL, CONSTRAINT `PK_pedidos` PRIMARY KEY (`id`)) ENGINE = INNODB;
2026-02-08 09:47:32.412 [Information] FluentMigrator.Runner.MigrationRunner - => 0,0425391s
2026-02-08 09:47:32.416 [Information] FluentMigrator.Runner.MigrationRunner - CreateForeignKey fk_pedido_forma_pag pedidos(id_forma_pagamento) formas_pagamento(id)
2026-02-08 09:47:32.419 [Information] FluentMigrator.Runner.Processors.MySql.MySql5Processor - ALTER TABLE `pedidos` ADD CONSTRAINT `fk_pedido_forma_pag` FOREIGN KEY (`id_forma_pagamento`) REFERENCES `formas_pagamento` (`id`) ON UPDATE CASCADE;
2026-02-08 09:47:32.455 [Information] FluentMigrator.Runner.MigrationRunner - => 0,0361834s
2026-02-08 09:47:32.457 [Information] FluentMigrator.Runner.MigrationRunner - CreateForeignKey fk_pedido_conta pedidos(id_conta) contas(id)
2026-02-08 09:47:32.460 [Information] FluentMigrator.Runner.Processors.MySql.MySql5Processor - ALTER TABLE `pedidos` ADD CONSTRAINT `fk_pedido_conta` FOREIGN KEY (`id_conta`) REFERENCES `contas` (`id`) ON DELETE CASCADE ON UPDATE CASCADE;
2026-02-08 09:47:32.516 [Information] FluentMigrator.Runner.MigrationRunner - => 0,0566123s
2026-02-08 09:47:32.518 [Information] FluentMigrator.Runner.MigrationRunner - CreateForeignKey fk_pedido_pessoa_pag pedidos(id_pessoa_pagadora) pessoas(id)
2026-02-08 09:47:32.521 [Information] FluentMigrator.Runner.Processors.MySql.MySql5Processor - ALTER TABLE `pedidos` ADD CONSTRAINT `fk_pedido_pessoa_pag` FOREIGN KEY (`id_pessoa_pagadora`) REFERENCES `pessoas` (`id`) ON UPDATE CASCADE;
2026-02-08 09:47:32.577 [Information] FluentMigrator.Runner.MigrationRunner - => 0,0552712s
2026-02-08 09:47:32.580 [Information] FluentMigrator.Runner.MigrationRunner - CreateTable pedidos_inscricoes
2026-02-08 09:47:32.584 [Information] FluentMigrator.Runner.Processors.MySql.MySql5Processor - CREATE TABLE `pedidos_inscricoes` (`id_pedido` INTEGER NOT NULL, `id_inscricao` INTEGER NOT NULL) ENGINE = INNODB;
2026-02-08 09:47:32.606 [Information] FluentMigrator.Runner.MigrationRunner - => 0,0234607s
2026-02-08 09:47:32.609 [Information] FluentMigrator.Runner.MigrationRunner - CreateForeignKey fk_pedinsc_pedido pedidos_inscricoes(id_pedido) pedidos(id)
2026-02-08 09:47:32.613 [Information] FluentMigrator.Runner.Processors.MySql.MySql5Processor - ALTER TABLE `pedidos_inscricoes` ADD CONSTRAINT `fk_pedinsc_pedido` FOREIGN KEY (`id_pedido`) REFERENCES `pedidos` (`id`) ON UPDATE CASCADE;
2026-02-08 09:47:32.653 [Information] FluentMigrator.Runner.MigrationRunner - => 0,0407223s
2026-02-08 09:47:32.655 [Information] FluentMigrator.Runner.MigrationRunner - CreateForeignKey fk_pedinsc_insc pedidos_inscricoes(id_inscricao) inscricoes(id)
2026-02-08 09:47:32.658 [Information] FluentMigrator.Runner.Processors.MySql.MySql5Processor - ALTER TABLE `pedidos_inscricoes` ADD CONSTRAINT `fk_pedinsc_insc` FOREIGN KEY (`id_inscricao`) REFERENCES `inscricoes` (`id`) ON UPDATE CASCADE;
2026-02-08 09:47:32.706 [Information] FluentMigrator.Runner.MigrationRunner - => 0,0470798s
2026-02-08 09:47:32.709 [Information] FluentMigrator.Runner.MigrationRunner - CreateConstraint pk_pedidos_inscricoes
2026-02-08 09:47:32.713 [Information] FluentMigrator.Runner.Processors.MySql.MySql5Processor - ALTER TABLE `pedidos_inscricoes` ADD CONSTRAINT `pk_pedidos_inscricoes` PRIMARY KEY (`id_pedido`, `id_inscricao`);
2026-02-08 09:47:32.747 [Information] FluentMigrator.Runner.MigrationRunner - => 0,0349392s
2026-02-08 09:47:32.750 [Information] FluentMigrator.Runner.MigrationRunner - CreateTable integradores_financeiros
2026-02-08 09:47:32.752 [Information] FluentMigrator.Runner.Processors.MySql.MySql5Processor - CREATE TABLE `integradores_financeiros` (`id` INTEGER NOT NULL AUTO_INCREMENT, `id_conta_bancaria` INTEGER NOT NULL, `token_acesso` NVARCHAR(1000) NOT NULL, `integracao_externa` SMALLINT NOT NULL, CONSTRAINT `PK_integradores_financeiros` PRIMARY KEY (`id`)) ENGINE = INNODB;
2026-02-08 09:47:32.770 [Information] FluentMigrator.Runner.MigrationRunner - => 0,0187955s
2026-02-08 09:47:32.800 [Information] FluentMigrator.Runner.MigrationRunner - CreateForeignKey fk_if_cb integradores_financeiros(id_conta_bancaria) contas_bancarias(id)
2026-02-08 09:47:32.803 [Information] FluentMigrator.Runner.Processors.MySql.MySql5Processor - ALTER TABLE `integradores_financeiros` ADD CONSTRAINT `fk_if_cb` FOREIGN KEY (`id_conta_bancaria`) REFERENCES `contas_bancarias` (`id`) ON UPDATE CASCADE;
2026-02-08 09:47:32.834 [Information] FluentMigrator.Runner.MigrationRunner - => 0,0319752s
2026-02-08 09:47:32.837 [Information] FluentMigrator.Runner.MigrationRunner - CreateTable registros_integracao_financeira
2026-02-08 09:47:32.839 [Information] FluentMigrator.Runner.Processors.MySql.MySql5Processor - CREATE TABLE `registros_integracao_financeira` (`id` INTEGER NOT NULL AUTO_INCREMENT, `id_integrador_financeiro` INTEGER NOT NULL, `id_conta` INTEGER NOT NULL, `valor` DECIMAL(18,2) NOT NULL, `data_registro` DATETIME NOT NULL, `tipo` SMALLINT NOT NULL, `situacao` SMALLINT NOT NULL, `numero_parcelas` INTEGER, `data_concluido_abortado` DATETIME, `id_no_integrador` NVARCHAR(1000), `id_transacao` NVARCHAR(1000), CONSTRAINT `PK_registros_integracao_financeira` PRIMARY KEY (`id`)) ENGINE = INNODB;
2026-02-08 09:47:32.854 [Information] FluentMigrator.Runner.MigrationRunner - => 0,0148227s
2026-02-08 09:47:32.856 [Information] FluentMigrator.Runner.MigrationRunner - CreateForeignKey fk_rif_if registros_integracao_financeira(id_integrador_financeiro) integradores_financeiros(id)
2026-02-08 09:47:32.858 [Information] FluentMigrator.Runner.Processors.MySql.MySql5Processor - ALTER TABLE `registros_integracao_financeira` ADD CONSTRAINT `fk_rif_if` FOREIGN KEY (`id_integrador_financeiro`) REFERENCES `integradores_financeiros` (`id`) ON UPDATE CASCADE;
2026-02-08 09:47:32.893 [Information] FluentMigrator.Runner.MigrationRunner - => 0,0351321s
2026-02-08 09:47:32.895 [Information] FluentMigrator.Runner.MigrationRunner - CreateForeignKey fk_rif_cb registros_integracao_financeira(id_conta) contas_bancarias(id)
2026-02-08 09:47:32.897 [Information] FluentMigrator.Runner.Processors.MySql.MySql5Processor - ALTER TABLE `registros_integracao_financeira` ADD CONSTRAINT `fk_rif_cb` FOREIGN KEY (`id_conta`) REFERENCES `contas_bancarias` (`id`) ON UPDATE CASCADE;
2026-02-08 09:47:32.931 [Information] FluentMigrator.Runner.MigrationRunner - => 0,033545s
2026-02-08 09:47:32.954 [Information] FluentMigrator.Runner.MigrationRunner - CreateForeignKey fk_rif_tra registros_integracao_financeira(id_transacao) transacoes(id)
2026-02-08 09:47:32.957 [Information] FluentMigrator.Runner.Processors.MySql.MySql5Processor - ALTER TABLE `registros_integracao_financeira` ADD CONSTRAINT `fk_rif_tra` FOREIGN KEY (`id_transacao`) REFERENCES `transacoes` (`id`) ON UPDATE CASCADE;
2026-02-08 09:47:32.992 [Error] FluentMigrator.Runner.MigrationRunner - Referencing column 'id_transacao' and referenced column 'id' in foreign key constraint 'fk_rif_tra' are incompatible. MySql.Data.MySqlClient.MySqlException (0x80004005): Referencing column 'id_transacao' and referenced column 'id' in foreign key constraint 'fk_rif_tra' are incompatible.
   at MySql.Data.MySqlClient.MySqlStream.ReadPacketAsync(Boolean execAsync)
   at MySql.Data.MySqlClient.NativeDriver.GetResultAsync(Int32 affectedRow, Int64 insertedId, Boolean execAsync)
   at MySql.Data.MySqlClient.Driver.GetResultAsync(Int32 statementId, Int32 affectedRows, Int64 insertedId, Boolean execAsync)
   at MySql.Data.MySqlClient.Driver.NextResultAsync(Int32 statementId, Boolean force, Boolean execAsync)
   at MySql.Data.MySqlClient.MySqlDataReader.NextResultAsync(Boolean execAsync, CancellationToken cancellationToken)
   at MySql.Data.MySqlClient.MySqlDataReader.NextResultAsync(Boolean execAsync, CancellationToken cancellationToken)
   at MySql.Data.MySqlClient.MySqlCommand.ExecuteReaderAsync(CommandBehavior behavior, Boolean execAsync, CancellationToken cancellationToken)
   at MySql.Data.MySqlClient.MySqlCommand.ExecuteReaderAsync(CommandBehavior behavior, Boolean execAsync, CancellationToken cancellationToken)
   at MySql.Data.MySqlClient.MySqlCommand.ExecuteReaderAsync(CommandBehavior behavior, Boolean execAsync, CancellationToken cancellationToken)
   at MySql.Data.MySqlClient.MySqlCommand.ExecuteNonQueryAsync(Boolean execAsync, CancellationToken cancellationToken)
   at MySql.Data.MySqlClient.MySqlCommand.ExecuteNonQuery()
   at FluentMigrator.Runner.Processors.MySql.MySqlProcessor.Process(String sql)
   at FluentMigrator.Runner.Processors.ProcessorBase.Process(CreateForeignKeyExpression expression)
   at FluentMigrator.Expressions.CreateForeignKeyExpression.ExecuteWith(IMigrationProcessor processor)
   at FluentMigrator.Runner.MigrationRunner.<>c__DisplayClass75_0.<ExecuteExpressions>b__1()
   at FluentMigrator.Runner.StopWatch.Time(Action action)
   at FluentMigrator.Runner.MigrationRunner.AnnounceTime(String message, Action action)
   at FluentMigrator.Runner.MigrationRunner.ExecuteExpressions(ICollection`1 expressions)
2026-02-08 09:47:32.997 [Information] FluentMigrator.Runner.Processors.MySql.MySql5Processor - Rolling back transaction
2026-02-08 09:49:26.883 [Information] FluentMigrator.Runner.Processors.MySql.MySql5Processor - Beginning Transaction
2026-02-08 09:49:26.901 [Information] FluentMigrator.Runner.Processors.MySql.MySql5Processor - Rolling back transaction
2026-02-08 09:49:26.929 [Information] FluentMigrator.Runner.MigrationRunner - VersionMigration migrating
2026-02-08 09:49:26.932 [Information] FluentMigrator.Runner.Processors.MySql.MySql5Processor - Beginning Transaction
2026-02-08 09:49:26.944 [Information] FluentMigrator.Runner.MigrationRunner - CreateTable VersionInfo
2026-02-08 09:49:26.949 [Information] FluentMigrator.Runner.Processors.MySql.MySql5Processor - CREATE TABLE `VersionInfo` (`Version` BIGINT NOT NULL) ENGINE = INNODB;
2026-02-08 09:49:26.974 [Information] FluentMigrator.Runner.MigrationRunner - => 0,0204598s
2026-02-08 09:49:26.976 [Information] FluentMigrator.Runner.Processors.MySql.MySql5Processor - Committing Transaction
2026-02-08 09:49:26.979 [Information] FluentMigrator.Runner.MigrationRunner - VersionMigration migrated
2026-02-08 09:49:26.982 [Information] FluentMigrator.Runner.MigrationRunner - => 0,0333058s
2026-02-08 09:49:26.985 [Information] FluentMigrator.Runner.MigrationRunner - VersionUniqueMigration migrating
2026-02-08 09:49:26.987 [Information] FluentMigrator.Runner.Processors.MySql.MySql5Processor - Beginning Transaction
2026-02-08 09:49:26.993 [Information] FluentMigrator.Runner.MigrationRunner - CreateIndex VersionInfo (Version)
2026-02-08 09:49:26.995 [Information] FluentMigrator.Runner.Processors.MySql.MySql5Processor - CREATE UNIQUE INDEX `UC_Version` ON `VersionInfo` (`Version` ASC);
2026-02-08 09:49:27.010 [Information] FluentMigrator.Runner.MigrationRunner - => 0,0152689s
2026-02-08 09:49:27.011 [Information] FluentMigrator.Runner.MigrationRunner - AlterTable VersionInfo
2026-02-08 09:49:27.013 [Information] FluentMigrator.Runner.MigrationRunner - => 0,0002719s
2026-02-08 09:49:27.014 [Information] FluentMigrator.Runner.MigrationRunner - CreateColumn VersionInfo AppliedOn DateTime
2026-02-08 09:49:27.016 [Information] FluentMigrator.Runner.Processors.MySql.MySql5Processor - ALTER TABLE `VersionInfo` ADD COLUMN `AppliedOn` DATETIME;
2026-02-08 09:49:27.035 [Information] FluentMigrator.Runner.MigrationRunner - => 0,0192333s
2026-02-08 09:49:27.039 [Information] FluentMigrator.Runner.Processors.MySql.MySql5Processor - Committing Transaction
2026-02-08 09:49:27.042 [Information] FluentMigrator.Runner.MigrationRunner - VersionUniqueMigration migrated
2026-02-08 09:49:27.044 [Information] FluentMigrator.Runner.MigrationRunner - => 0,0257776s
2026-02-08 09:49:27.047 [Information] FluentMigrator.Runner.MigrationRunner - VersionDescriptionMigration migrating
2026-02-08 09:49:27.049 [Information] FluentMigrator.Runner.Processors.MySql.MySql5Processor - Beginning Transaction
2026-02-08 09:49:27.054 [Information] FluentMigrator.Runner.MigrationRunner - AlterTable VersionInfo
2026-02-08 09:49:27.057 [Information] FluentMigrator.Runner.MigrationRunner - => 7,11E-05s
2026-02-08 09:49:27.060 [Information] FluentMigrator.Runner.MigrationRunner - CreateColumn VersionInfo Description String
2026-02-08 09:49:27.062 [Information] FluentMigrator.Runner.Processors.MySql.MySql5Processor - ALTER TABLE `VersionInfo` ADD COLUMN `Description` NVARCHAR(1024);
2026-02-08 09:49:27.085 [Information] FluentMigrator.Runner.MigrationRunner - => 0,0233811s
2026-02-08 09:49:27.087 [Information] FluentMigrator.Runner.Processors.MySql.MySql5Processor - Committing Transaction
2026-02-08 09:49:27.089 [Information] FluentMigrator.Runner.MigrationRunner - VersionDescriptionMigration migrated
2026-02-08 09:49:27.091 [Information] FluentMigrator.Runner.MigrationRunner - => 0,0276797s
2026-02-08 09:49:27.096 [Information] FluentMigrator.Runner.MigrationRunner - 1: Migracao01 migrating
2026-02-08 09:49:27.098 [Information] FluentMigrator.Runner.Processors.MySql.MySql5Processor - Beginning Transaction
2026-02-08 09:49:27.112 [Information] FluentMigrator.Runner.MigrationRunner - CreateTable arquivos_binarios
2026-02-08 09:49:27.115 [Information] FluentMigrator.Runner.Processors.MySql.MySql5Processor - CREATE TABLE `arquivos_binarios` (`id` INTEGER NOT NULL AUTO_INCREMENT, `arquivo` LONGBLOB NOT NULL, `tipo_arquivo` SMALLINT NOT NULL, CONSTRAINT `PK_arquivos_binarios` PRIMARY KEY (`id`)) ENGINE = INNODB;
2026-02-08 09:49:27.145 [Information] FluentMigrator.Runner.MigrationRunner - => 0,0108394s
2026-02-08 09:49:27.149 [Information] FluentMigrator.Runner.MigrationRunner - CreateTable eventos
2026-02-08 09:49:27.153 [Information] FluentMigrator.Runner.Processors.MySql.MySql5Processor - CREATE TABLE `eventos` (`id` INTEGER NOT NULL AUTO_INCREMENT, `nome` NVARCHAR(200) NOT NULL, `data_inicio_insc` DATETIME NOT NULL, `data_fim_insc` DATETIME NOT NULL, `data_inicio_evento` DATETIME NOT NULL, `data_fim_evento` DATETIME NOT NULL, `data_registro` DATETIME NOT NULL, `id_arquivo_logotipo` INTEGER, `idade_minima_insc_adulto` INTEGER NOT NULL, `regulamento` LONGTEXT CHARACTER SET utf8, CONSTRAINT `PK_eventos` PRIMARY KEY (`id`)) ENGINE = INNODB;
2026-02-08 09:49:27.208 [Information] FluentMigrator.Runner.MigrationRunner - => 0,0212609s
2026-02-08 09:49:27.213 [Information] FluentMigrator.Runner.MigrationRunner - CreateForeignKey fk_evento_arqbin eventos(id_arquivo_logotipo) arquivos_binarios(id)
2026-02-08 09:49:27.218 [Information] FluentMigrator.Runner.Processors.MySql.MySql5Processor - ALTER TABLE `eventos` ADD CONSTRAINT `fk_evento_arqbin` FOREIGN KEY (`id_arquivo_logotipo`) REFERENCES `arquivos_binarios` (`id`) ON UPDATE CASCADE;
2026-02-08 09:49:27.262 [Information] FluentMigrator.Runner.MigrationRunner - => 0,045614s
2026-02-08 09:49:27.264 [Information] FluentMigrator.Runner.MigrationRunner - CreateTable pessoas
2026-02-08 09:49:27.268 [Information] FluentMigrator.Runner.Processors.MySql.MySql5Processor - CREATE TABLE `pessoas` (`id` INTEGER NOT NULL AUTO_INCREMENT, `cpf` NVARCHAR(11), `nome` NVARCHAR(200) NOT NULL, `celular` NVARCHAR(15) NOT NULL, `email` NVARCHAR(100) NOT NULL, `alergia_alimentos` NVARCHAR(100), `data_nascimento` DATE, `eh_diabetico` TINYINT(1) NOT NULL, `eh_vegetariano` TINYINT(1) NOT NULL, `sexo` SMALLINT, `usa_adocante_diar` TINYINT(1), CONSTRAINT `PK_pessoas` PRIMARY KEY (`id`)) ENGINE = INNODB;
2026-02-08 09:49:27.282 [Information] FluentMigrator.Runner.MigrationRunner - => 0,0156254s
2026-02-08 09:49:27.283 [Information] FluentMigrator.Runner.MigrationRunner - CreateTable inscricoes
2026-02-08 09:49:27.285 [Information] FluentMigrator.Runner.Processors.MySql.MySql5Processor - CREATE TABLE `inscricoes` (`id` INTEGER NOT NULL AUTO_INCREMENT, `tipo_inscricao` NVARCHAR(30) NOT NULL, `confirmado` TINYINT(1) NOT NULL, `data_recebimento` DATE NOT NULL, `dormira` TINYINT(1) NOT NULL, `id_evento` INTEGER NOT NULL, `nome_cracha` NVARCHAR(150), `id_pessoa` INTEGER NOT NULL, `situacao` SMALLINT NOT NULL, `observacoes` LONGTEXT CHARACTER SET utf8, `id_insc_responsavel_1` INTEGER, `id_insc_responsavel_2` INTEGER, `tipo` SMALLINT, `instituicoes_espiritas_freq` NVARCHAR(300), CONSTRAINT `PK_inscricoes` PRIMARY KEY (`id`)) ENGINE = INNODB;
2026-02-08 09:49:27.300 [Information] FluentMigrator.Runner.MigrationRunner - => 0,0149906s
2026-02-08 09:49:27.301 [Information] FluentMigrator.Runner.MigrationRunner - CreateForeignKey fk_insc_evento inscricoes(id_evento) eventos(id)
2026-02-08 09:49:27.304 [Information] FluentMigrator.Runner.Processors.MySql.MySql5Processor - ALTER TABLE `inscricoes` ADD CONSTRAINT `fk_insc_evento` FOREIGN KEY (`id_evento`) REFERENCES `eventos` (`id`) ON UPDATE CASCADE;
2026-02-08 09:49:27.334 [Information] FluentMigrator.Runner.MigrationRunner - => 0,0306357s
2026-02-08 09:49:27.336 [Information] FluentMigrator.Runner.MigrationRunner - CreateForeignKey fk_insc_pessoa inscricoes(id_pessoa) pessoas(id)
2026-02-08 09:49:27.337 [Information] FluentMigrator.Runner.Processors.MySql.MySql5Processor - ALTER TABLE `inscricoes` ADD CONSTRAINT `fk_insc_pessoa` FOREIGN KEY (`id_pessoa`) REFERENCES `pessoas` (`id`) ON UPDATE CASCADE;
2026-02-08 09:49:27.371 [Information] FluentMigrator.Runner.MigrationRunner - => 0,0334652s
2026-02-08 09:49:27.373 [Information] FluentMigrator.Runner.MigrationRunner - CreateForeignKey fk_insc_inf_1 inscricoes(id_insc_responsavel_1) inscricoes(id)
2026-02-08 09:49:27.374 [Information] FluentMigrator.Runner.Processors.MySql.MySql5Processor - ALTER TABLE `inscricoes` ADD CONSTRAINT `fk_insc_inf_1` FOREIGN KEY (`id_insc_responsavel_1`) REFERENCES `inscricoes` (`id`) ON UPDATE CASCADE;
2026-02-08 09:49:27.407 [Information] FluentMigrator.Runner.MigrationRunner - => 0,0328489s
2026-02-08 09:49:27.409 [Information] FluentMigrator.Runner.MigrationRunner - CreateForeignKey fk_insc_inf_2 inscricoes(id_insc_responsavel_2) inscricoes(id)
2026-02-08 09:49:27.412 [Information] FluentMigrator.Runner.Processors.MySql.MySql5Processor - ALTER TABLE `inscricoes` ADD CONSTRAINT `fk_insc_inf_2` FOREIGN KEY (`id_insc_responsavel_2`) REFERENCES `inscricoes` (`id`) ON UPDATE CASCADE;
2026-02-08 09:49:27.454 [Information] FluentMigrator.Runner.MigrationRunner - => 0,0419596s
2026-02-08 09:49:27.455 [Information] FluentMigrator.Runner.MigrationRunner - CreateTable formas_pagamento
2026-02-08 09:49:27.457 [Information] FluentMigrator.Runner.Processors.MySql.MySql5Processor - CREATE TABLE `formas_pagamento` (`id` INTEGER NOT NULL AUTO_INCREMENT, `nome` NVARCHAR(200) NOT NULL, `nr_parcelas_minima` INTEGER NOT NULL, `nr_parcelas_maxima` INTEGER NOT NULL, CONSTRAINT `PK_formas_pagamento` PRIMARY KEY (`id`)) ENGINE = INNODB;
2026-02-08 09:49:27.471 [Information] FluentMigrator.Runner.MigrationRunner - => 0,0136658s
2026-02-08 09:49:27.473 [Information] FluentMigrator.Runner.MigrationRunner - CreateTable contas_bancarias
2026-02-08 09:49:27.475 [Information] FluentMigrator.Runner.Processors.MySql.MySql5Processor - CREATE TABLE `contas_bancarias` (`id` INTEGER NOT NULL AUTO_INCREMENT, `nome` NVARCHAR(250) NOT NULL, CONSTRAINT `PK_contas_bancarias` PRIMARY KEY (`id`)) ENGINE = INNODB;
2026-02-08 09:49:27.486 [Information] FluentMigrator.Runner.MigrationRunner - => 0,010872s
2026-02-08 09:49:27.487 [Information] FluentMigrator.Runner.MigrationRunner - CreateTable transacoes
2026-02-08 09:49:27.489 [Information] FluentMigrator.Runner.Processors.MySql.MySql5Processor - CREATE TABLE `transacoes` (`id` INTEGER NOT NULL AUTO_INCREMENT, `id_conta_bancaria` INTEGER NOT NULL, `data_hora` DATETIME NOT NULL, `descricao` NVARCHAR(200), `tipo` SMALLINT NOT NULL, `valor` DECIMAL(18,2) NOT NULL, CONSTRAINT `PK_transacoes` PRIMARY KEY (`id`)) ENGINE = INNODB;
2026-02-08 09:49:27.505 [Information] FluentMigrator.Runner.MigrationRunner - => 0,0154457s
2026-02-08 09:49:27.508 [Information] FluentMigrator.Runner.MigrationRunner - CreateForeignKey fk_trans_cb transacoes(id_conta_bancaria) contas_bancarias(id)
2026-02-08 09:49:27.510 [Information] FluentMigrator.Runner.Processors.MySql.MySql5Processor - ALTER TABLE `transacoes` ADD CONSTRAINT `fk_trans_cb` FOREIGN KEY (`id_conta_bancaria`) REFERENCES `contas_bancarias` (`id`) ON UPDATE CASCADE;
2026-02-08 09:49:27.570 [Information] FluentMigrator.Runner.MigrationRunner - => 0,0598546s
2026-02-08 09:49:27.573 [Information] FluentMigrator.Runner.MigrationRunner - CreateTable contas
2026-02-08 09:49:27.575 [Information] FluentMigrator.Runner.Processors.MySql.MySql5Processor - CREATE TABLE `contas` (`id` INTEGER NOT NULL AUTO_INCREMENT, `id_pessoa` INTEGER NOT NULL, `valor` DECIMAL(18,2) NOT NULL, `liquidado` TINYINT(1) NOT NULL, `data_criado` DATETIME NOT NULL, `descricao` NVARCHAR(200), `data_vencimento` DATETIME NOT NULL, `tipo` SMALLINT NOT NULL, `valor_total_transacoes` DECIMAL(18,2) NOT NULL, `valor_total_desconto` DECIMAL(18,2) NOT NULL, `valor_total_juros` DECIMAL(18,2) NOT NULL, `valor_total_multa` DECIMAL(18,2) NOT NULL, CONSTRAINT `PK_contas` PRIMARY KEY (`id`)) ENGINE = INNODB;
2026-02-08 09:49:27.590 [Information] FluentMigrator.Runner.MigrationRunner - => 0,0150837s
2026-02-08 09:49:27.615 [Information] FluentMigrator.Runner.MigrationRunner - CreateForeignKey fk_ct_pe contas(id_pessoa) pessoas(id)
2026-02-08 09:49:27.620 [Information] FluentMigrator.Runner.Processors.MySql.MySql5Processor - ALTER TABLE `contas` ADD CONSTRAINT `fk_ct_pe` FOREIGN KEY (`id_pessoa`) REFERENCES `pessoas` (`id`) ON UPDATE CASCADE;
2026-02-08 09:49:27.672 [Information] FluentMigrator.Runner.MigrationRunner - => 0,0538141s
2026-02-08 09:49:27.675 [Information] FluentMigrator.Runner.MigrationRunner - CreateTable transacoes_conta
2026-02-08 09:49:27.712 [Information] FluentMigrator.Runner.Processors.MySql.MySql5Processor - CREATE TABLE `transacoes_conta` (`id` INTEGER NOT NULL AUTO_INCREMENT, `id_conta` INTEGER NOT NULL, `id_transacao` INTEGER NOT NULL, `data` DATETIME NOT NULL, `valor_transacao` DECIMAL(18,2) NOT NULL, `valor_multa` DECIMAL(18,2) NOT NULL, `valor_juros` DECIMAL(18,2) NOT NULL, `valor_desconto` DECIMAL(18,2) NOT NULL, CONSTRAINT `PK_transacoes_conta` PRIMARY KEY (`id`)) ENGINE = INNODB;
2026-02-08 09:49:27.731 [Information] FluentMigrator.Runner.MigrationRunner - => 0,0534222s
2026-02-08 09:49:27.732 [Information] FluentMigrator.Runner.MigrationRunner - CreateForeignKey fk_tc_ct transacoes_conta(id_conta) contas(id)
2026-02-08 09:49:27.734 [Information] FluentMigrator.Runner.Processors.MySql.MySql5Processor - ALTER TABLE `transacoes_conta` ADD CONSTRAINT `fk_tc_ct` FOREIGN KEY (`id_conta`) REFERENCES `contas` (`id`) ON DELETE CASCADE ON UPDATE CASCADE;
2026-02-08 09:49:27.765 [Information] FluentMigrator.Runner.MigrationRunner - => 0,0302525s
2026-02-08 09:49:27.767 [Information] FluentMigrator.Runner.MigrationRunner - CreateForeignKey fk_tc_tr transacoes_conta(id_transacao) transacoes(id)
2026-02-08 09:49:27.769 [Information] FluentMigrator.Runner.Processors.MySql.MySql5Processor - ALTER TABLE `transacoes_conta` ADD CONSTRAINT `fk_tc_tr` FOREIGN KEY (`id_transacao`) REFERENCES `transacoes` (`id`) ON UPDATE CASCADE;
2026-02-08 09:49:27.813 [Information] FluentMigrator.Runner.MigrationRunner - => 0,0443234s
2026-02-08 09:49:27.836 [Information] FluentMigrator.Runner.MigrationRunner - CreateTable pedidos
2026-02-08 09:49:27.838 [Information] FluentMigrator.Runner.Processors.MySql.MySql5Processor - CREATE TABLE `pedidos` (`id` INTEGER NOT NULL AUTO_INCREMENT, `valor` DECIMAL(18,2) NOT NULL, `tipo` SMALLINT NOT NULL, `id_forma_pagamento` INTEGER NOT NULL, `id_conta` INTEGER NOT NULL, `id_pessoa_pagadora` INTEGER NOT NULL, CONSTRAINT `PK_pedidos` PRIMARY KEY (`id`)) ENGINE = INNODB;
2026-02-08 09:49:27.851 [Information] FluentMigrator.Runner.MigrationRunner - => 0,0132539s
2026-02-08 09:49:27.855 [Information] FluentMigrator.Runner.MigrationRunner - CreateForeignKey fk_pedido_forma_pag pedidos(id_forma_pagamento) formas_pagamento(id)
2026-02-08 09:49:27.857 [Information] FluentMigrator.Runner.Processors.MySql.MySql5Processor - ALTER TABLE `pedidos` ADD CONSTRAINT `fk_pedido_forma_pag` FOREIGN KEY (`id_forma_pagamento`) REFERENCES `formas_pagamento` (`id`) ON UPDATE CASCADE;
2026-02-08 09:49:27.914 [Information] FluentMigrator.Runner.MigrationRunner - => 0,056293s
2026-02-08 09:49:27.916 [Information] FluentMigrator.Runner.MigrationRunner - CreateForeignKey fk_pedido_conta pedidos(id_conta) contas(id)
2026-02-08 09:49:27.920 [Information] FluentMigrator.Runner.Processors.MySql.MySql5Processor - ALTER TABLE `pedidos` ADD CONSTRAINT `fk_pedido_conta` FOREIGN KEY (`id_conta`) REFERENCES `contas` (`id`) ON DELETE CASCADE ON UPDATE CASCADE;
2026-02-08 09:49:27.976 [Information] FluentMigrator.Runner.MigrationRunner - => 0,0571888s
2026-02-08 09:49:27.978 [Information] FluentMigrator.Runner.MigrationRunner - CreateForeignKey fk_pedido_pessoa_pag pedidos(id_pessoa_pagadora) pessoas(id)
2026-02-08 09:49:27.980 [Information] FluentMigrator.Runner.Processors.MySql.MySql5Processor - ALTER TABLE `pedidos` ADD CONSTRAINT `fk_pedido_pessoa_pag` FOREIGN KEY (`id_pessoa_pagadora`) REFERENCES `pessoas` (`id`) ON UPDATE CASCADE;
2026-02-08 09:49:28.031 [Information] FluentMigrator.Runner.MigrationRunner - => 0,0509064s
2026-02-08 09:49:28.033 [Information] FluentMigrator.Runner.MigrationRunner - CreateTable pedidos_inscricoes
2026-02-08 09:49:28.036 [Information] FluentMigrator.Runner.Processors.MySql.MySql5Processor - CREATE TABLE `pedidos_inscricoes` (`id_pedido` INTEGER NOT NULL, `id_inscricao` INTEGER NOT NULL) ENGINE = INNODB;
2026-02-08 09:49:28.054 [Information] FluentMigrator.Runner.MigrationRunner - => 0,0176868s
2026-02-08 09:49:28.056 [Information] FluentMigrator.Runner.MigrationRunner - CreateForeignKey fk_pedinsc_pedido pedidos_inscricoes(id_pedido) pedidos(id)
2026-02-08 09:49:28.058 [Information] FluentMigrator.Runner.Processors.MySql.MySql5Processor - ALTER TABLE `pedidos_inscricoes` ADD CONSTRAINT `fk_pedinsc_pedido` FOREIGN KEY (`id_pedido`) REFERENCES `pedidos` (`id`) ON UPDATE CASCADE;
2026-02-08 09:49:28.088 [Information] FluentMigrator.Runner.MigrationRunner - => 0,0304763s
2026-02-08 09:49:28.090 [Information] FluentMigrator.Runner.MigrationRunner - CreateForeignKey fk_pedinsc_insc pedidos_inscricoes(id_inscricao) inscricoes(id)
2026-02-08 09:49:28.092 [Information] FluentMigrator.Runner.Processors.MySql.MySql5Processor - ALTER TABLE `pedidos_inscricoes` ADD CONSTRAINT `fk_pedinsc_insc` FOREIGN KEY (`id_inscricao`) REFERENCES `inscricoes` (`id`) ON UPDATE CASCADE;
2026-02-08 09:49:28.141 [Information] FluentMigrator.Runner.MigrationRunner - => 0,0481862s
2026-02-08 09:49:28.143 [Information] FluentMigrator.Runner.MigrationRunner - CreateConstraint pk_pedidos_inscricoes
2026-02-08 09:49:28.146 [Information] FluentMigrator.Runner.Processors.MySql.MySql5Processor - ALTER TABLE `pedidos_inscricoes` ADD CONSTRAINT `pk_pedidos_inscricoes` PRIMARY KEY (`id_pedido`, `id_inscricao`);
2026-02-08 09:49:28.178 [Information] FluentMigrator.Runner.MigrationRunner - => 0,0331449s
2026-02-08 09:49:28.180 [Information] FluentMigrator.Runner.MigrationRunner - CreateTable integradores_financeiros
2026-02-08 09:49:28.182 [Information] FluentMigrator.Runner.Processors.MySql.MySql5Processor - CREATE TABLE `integradores_financeiros` (`id` INTEGER NOT NULL AUTO_INCREMENT, `id_conta_bancaria` INTEGER NOT NULL, `token_acesso` NVARCHAR(1000) NOT NULL, `integracao_externa` SMALLINT NOT NULL, CONSTRAINT `PK_integradores_financeiros` PRIMARY KEY (`id`)) ENGINE = INNODB;
2026-02-08 09:49:28.219 [Information] FluentMigrator.Runner.MigrationRunner - => 0,0157851s
2026-02-08 09:49:28.221 [Information] FluentMigrator.Runner.MigrationRunner - CreateForeignKey fk_if_cb integradores_financeiros(id_conta_bancaria) contas_bancarias(id)
2026-02-08 09:49:28.224 [Information] FluentMigrator.Runner.Processors.MySql.MySql5Processor - ALTER TABLE `integradores_financeiros` ADD CONSTRAINT `fk_if_cb` FOREIGN KEY (`id_conta_bancaria`) REFERENCES `contas_bancarias` (`id`) ON UPDATE CASCADE;
2026-02-08 09:49:28.255 [Information] FluentMigrator.Runner.MigrationRunner - => 0,0309572s
2026-02-08 09:49:28.257 [Information] FluentMigrator.Runner.MigrationRunner - CreateTable registros_integracao_financeira
2026-02-08 09:49:28.260 [Information] FluentMigrator.Runner.Processors.MySql.MySql5Processor - CREATE TABLE `registros_integracao_financeira` (`id` INTEGER NOT NULL AUTO_INCREMENT, `id_integrador_financeiro` INTEGER NOT NULL, `id_conta` INTEGER NOT NULL, `valor` DECIMAL(18,2) NOT NULL, `data_registro` DATETIME NOT NULL, `tipo` SMALLINT NOT NULL, `situacao` SMALLINT NOT NULL, `numero_parcelas` INTEGER, `data_concluido_abortado` DATETIME, `id_no_integrador` NVARCHAR(1000), `id_transacao` INTEGER, CONSTRAINT `PK_registros_integracao_financeira` PRIMARY KEY (`id`)) ENGINE = INNODB;
2026-02-08 09:49:28.273 [Information] FluentMigrator.Runner.MigrationRunner - => 0,0135685s
2026-02-08 09:49:28.274 [Information] FluentMigrator.Runner.MigrationRunner - CreateForeignKey fk_rif_if registros_integracao_financeira(id_integrador_financeiro) integradores_financeiros(id)
2026-02-08 09:49:28.276 [Information] FluentMigrator.Runner.Processors.MySql.MySql5Processor - ALTER TABLE `registros_integracao_financeira` ADD CONSTRAINT `fk_rif_if` FOREIGN KEY (`id_integrador_financeiro`) REFERENCES `integradores_financeiros` (`id`) ON UPDATE CASCADE;
2026-02-08 09:49:28.310 [Information] FluentMigrator.Runner.MigrationRunner - => 0,0334232s
2026-02-08 09:49:28.313 [Information] FluentMigrator.Runner.MigrationRunner - CreateForeignKey fk_rif_cb registros_integracao_financeira(id_conta) contas_bancarias(id)
2026-02-08 09:49:28.315 [Information] FluentMigrator.Runner.Processors.MySql.MySql5Processor - ALTER TABLE `registros_integracao_financeira` ADD CONSTRAINT `fk_rif_cb` FOREIGN KEY (`id_conta`) REFERENCES `contas_bancarias` (`id`) ON UPDATE CASCADE;
2026-02-08 09:49:28.361 [Information] FluentMigrator.Runner.MigrationRunner - => 0,0460395s
2026-02-08 09:49:28.363 [Information] FluentMigrator.Runner.MigrationRunner - CreateForeignKey fk_rif_tra registros_integracao_financeira(id_transacao) transacoes(id)
2026-02-08 09:49:28.366 [Information] FluentMigrator.Runner.Processors.MySql.MySql5Processor - ALTER TABLE `registros_integracao_financeira` ADD CONSTRAINT `fk_rif_tra` FOREIGN KEY (`id_transacao`) REFERENCES `transacoes` (`id`) ON UPDATE CASCADE;
2026-02-08 09:49:28.405 [Information] FluentMigrator.Runner.MigrationRunner - => 0,0388035s
2026-02-08 09:49:28.427 [Information] FluentMigrator.Runner.MigrationRunner - CreateTable registro_integracao_financeira_logs
2026-02-08 09:49:28.458 [Information] FluentMigrator.Runner.Processors.MySql.MySql5Processor - CREATE TABLE `registro_integracao_financeira_logs` (`id` INTEGER NOT NULL AUTO_INCREMENT, `id_registro_integracao` INTEGER NOT NULL, `tipo` SMALLINT NOT NULL, `data` DATETIME NOT NULL, `mensagem` NVARCHAR(500), `dados` NVARCHAR(4000), CONSTRAINT `PK_registro_integracao_financeira_logs` PRIMARY KEY (`id`)) ENGINE = INNODB;
2026-02-08 09:49:28.477 [Information] FluentMigrator.Runner.MigrationRunner - => 0,0451756s
2026-02-08 09:49:28.479 [Information] FluentMigrator.Runner.MigrationRunner - CreateForeignKey fk_rifl_rif registro_integracao_financeira_logs(id_registro_integracao) registros_integracao_financeira(id)
2026-02-08 09:49:28.481 [Information] FluentMigrator.Runner.Processors.MySql.MySql5Processor - ALTER TABLE `registro_integracao_financeira_logs` ADD CONSTRAINT `fk_rifl_rif` FOREIGN KEY (`id_registro_integracao`) REFERENCES `registros_integracao_financeira` (`id`) ON DELETE CASCADE ON UPDATE CASCADE;
2026-02-08 09:49:28.535 [Information] FluentMigrator.Runner.MigrationRunner - => 0,0283715s
2026-02-08 09:49:28.537 [Information] FluentMigrator.Runner.MigrationRunner - CreateTable integracao_financeira_formas_pags
2026-02-08 09:49:28.539 [Information] FluentMigrator.Runner.Processors.MySql.MySql5Processor - CREATE TABLE `integracao_financeira_formas_pags` (`id` INTEGER NOT NULL AUTO_INCREMENT, `id_integrador_financeiro` INTEGER NOT NULL, `id_forma_pagamento` INTEGER NOT NULL, `integracao_externa` SMALLINT NOT NULL, `tipo_integracao` SMALLINT NOT NULL, CONSTRAINT `PK_integracao_financeira_formas_pags` PRIMARY KEY (`id`)) ENGINE = INNODB;
2026-02-08 09:49:28.546 [Information] FluentMigrator.Runner.MigrationRunner - => 0,0071701s
2026-02-08 09:49:28.548 [Information] FluentMigrator.Runner.MigrationRunner - CreateForeignKey fk_iffp_if integracao_financeira_formas_pags(id_integrador_financeiro) integradores_financeiros(id)
2026-02-08 09:49:28.549 [Information] FluentMigrator.Runner.Processors.MySql.MySql5Processor - ALTER TABLE `integracao_financeira_formas_pags` ADD CONSTRAINT `fk_iffp_if` FOREIGN KEY (`id_integrador_financeiro`) REFERENCES `integradores_financeiros` (`id`) ON DELETE CASCADE ON UPDATE CASCADE;
2026-02-08 09:49:28.574 [Information] FluentMigrator.Runner.MigrationRunner - => 0,0249787s
2026-02-08 09:49:28.576 [Information] FluentMigrator.Runner.MigrationRunner - CreateForeignKey fk_iffp_fp integracao_financeira_formas_pags(id_forma_pagamento) formas_pagamento(id)
2026-02-08 09:49:28.577 [Information] FluentMigrator.Runner.Processors.MySql.MySql5Processor - ALTER TABLE `integracao_financeira_formas_pags` ADD CONSTRAINT `fk_iffp_fp` FOREIGN KEY (`id_forma_pagamento`) REFERENCES `formas_pagamento` (`id`) ON UPDATE CASCADE;
2026-02-08 09:49:28.604 [Information] FluentMigrator.Runner.MigrationRunner - => 0,0268753s
2026-02-08 09:49:28.606 [Information] FluentMigrator.Runner.MigrationRunner - CreateTable precos_inscricao
2026-02-08 09:49:28.608 [Information] FluentMigrator.Runner.Processors.MySql.MySql5Processor - CREATE TABLE `precos_inscricao` (`id` INTEGER NOT NULL AUTO_INCREMENT, `id_evento` INTEGER NOT NULL, `idade_max` INTEGER NOT NULL, CONSTRAINT `PK_precos_inscricao` PRIMARY KEY (`id`)) ENGINE = INNODB;
2026-02-08 09:49:28.628 [Information] FluentMigrator.Runner.MigrationRunner - => 0,0199337s
2026-02-08 09:49:28.630 [Information] FluentMigrator.Runner.MigrationRunner - CreateForeignKey fk_preco_evento precos_inscricao(id_evento) eventos(id)
2026-02-08 09:49:28.632 [Information] FluentMigrator.Runner.Processors.MySql.MySql5Processor - ALTER TABLE `precos_inscricao` ADD CONSTRAINT `fk_preco_evento` FOREIGN KEY (`id_evento`) REFERENCES `eventos` (`id`) ON UPDATE CASCADE;
2026-02-08 09:49:28.662 [Information] FluentMigrator.Runner.MigrationRunner - => 0,0293666s
2026-02-08 09:49:28.663 [Information] FluentMigrator.Runner.MigrationRunner - CreateTable preco_inscricao_valores
2026-02-08 09:49:28.665 [Information] FluentMigrator.Runner.Processors.MySql.MySql5Processor - CREATE TABLE `preco_inscricao_valores` (`id` INTEGER NOT NULL AUTO_INCREMENT, `id_preco_inscricao` INTEGER NOT NULL, `id_forma_pagamento` INTEGER NOT NULL, `valor` DECIMAL(18,2) NOT NULL, CONSTRAINT `PK_preco_inscricao_valores` PRIMARY KEY (`id`)) ENGINE = INNODB;
2026-02-08 09:49:28.681 [Information] FluentMigrator.Runner.MigrationRunner - => 0,016384s
2026-02-08 09:49:28.683 [Information] FluentMigrator.Runner.MigrationRunner - CreateForeignKey fk_piv_pi preco_inscricao_valores(id_preco_inscricao) precos_inscricao(id)
2026-02-08 09:49:28.684 [Information] FluentMigrator.Runner.Processors.MySql.MySql5Processor - ALTER TABLE `preco_inscricao_valores` ADD CONSTRAINT `fk_piv_pi` FOREIGN KEY (`id_preco_inscricao`) REFERENCES `precos_inscricao` (`id`) ON DELETE CASCADE ON UPDATE CASCADE;
2026-02-08 09:49:28.713 [Information] FluentMigrator.Runner.MigrationRunner - => 0,0286482s
2026-02-08 09:49:28.715 [Information] FluentMigrator.Runner.MigrationRunner - CreateForeignKey fk_piv_forma preco_inscricao_valores(id_forma_pagamento) formas_pagamento(id)
2026-02-08 09:49:28.717 [Information] FluentMigrator.Runner.Processors.MySql.MySql5Processor - ALTER TABLE `preco_inscricao_valores` ADD CONSTRAINT `fk_piv_forma` FOREIGN KEY (`id_forma_pagamento`) REFERENCES `formas_pagamento` (`id`) ON UPDATE CASCADE;
2026-02-08 09:49:28.746 [Information] FluentMigrator.Runner.MigrationRunner - => 0,028643s
2026-02-08 09:49:28.751 [Information] FluentMigrator.Runner.Processors.MySql.MySql5Processor - INSERT INTO `VersionInfo` (`Version`, `AppliedOn`, `Description`) VALUES (1, (UTC_TIMESTAMP), 'Migracao01');
2026-02-08 09:49:28.756 [Information] FluentMigrator.Runner.Processors.MySql.MySql5Processor - Committing Transaction
2026-02-08 09:49:28.758 [Information] FluentMigrator.Runner.MigrationRunner - 1: Migracao01 migrated
2026-02-08 09:49:28.759 [Information] FluentMigrator.Runner.MigrationRunner - => 0,0408976s
2026-02-08 09:49:29.360 [Debug] Microsoft.AspNetCore.Watch.BrowserRefresh.BlazorWasmHotReloadMiddleware - Middleware loaded
2026-02-08 09:49:29.364 [Debug] Microsoft.AspNetCore.Watch.BrowserRefresh.BrowserScriptMiddleware - Middleware loaded. Script /_framework/aspnetcore-browser-refresh.js (16523 B).
2026-02-08 09:49:29.366 [Debug] Microsoft.AspNetCore.Watch.BrowserRefresh.BrowserScriptMiddleware - Middleware loaded. Script /_framework/blazor-hotreload.js (799 B).
2026-02-08 09:49:29.474 [Debug] Microsoft.AspNetCore.Watch.BrowserRefresh.BrowserRefreshMiddleware - Middleware loaded: DOTNET_MODIFIABLE_ASSEMBLIES=debug, __ASPNETCORE_BROWSER_TOOLS=true
2026-02-08 09:49:29.501 [Warning] Microsoft.AspNetCore.Server.Kestrel.Core.KestrelServer - The ASP.NET Core developer certificate is not trusted. For information about trusting the ASP.NET Core developer certificate, see https://aka.ms/aspnet/https-trust-dev-cert
2026-02-08 09:49:29.586 [Information] Microsoft.Hosting.Lifetime - Now listening on: https://localhost:7248
2026-02-08 09:49:29.588 [Information] Microsoft.Hosting.Lifetime - Now listening on: http://localhost:5020
2026-02-08 09:49:29.625 [Information] Microsoft.Hosting.Lifetime - Application started. Press Ctrl+C to shut down.
2026-02-08 09:49:29.628 [Information] Microsoft.Hosting.Lifetime - Hosting environment: Development
2026-02-08 09:49:29.631 [Information] Microsoft.Hosting.Lifetime - Content root path: C:\Users\desen\Documents\EventoWeb\eventoweb_inscricao_back\EventoWeb.Inscricao\EventoWeb.Inscricao
2026-02-08 09:58:17.618 [Error] Microsoft.AspNetCore.Diagnostics.ExceptionHandlerMiddleware - An unhandled exception has occurred while executing the request. System.Exception: Inscrição do primeiro responsável não encontrada ou não é do tipo Participante. Id 1
   at EventoWeb.Comum.Aplicacao.Inscricoes.AppInscricaoInclusaoOnLine.IncluirInscricaoInfantil() in C:\Users\desen\Documents\EventoWeb\eventoweb_comum_back\EventoWeb.Comum\Aplicacao\Inscricoes\AppInscricaoInclusaoOnLine.cs:line 69
   at EventoWeb.Comum.Aplicacao.Inscricoes.AppInscricaoInclusaoOnLine.<Incluir>b__7_0() in C:\Users\desen\Documents\EventoWeb\eventoweb_comum_back\EventoWeb.Comum\Aplicacao\Inscricoes\AppInscricaoInclusaoOnLine.cs:line 24
   at EventoWeb.Comum.Aplicacao.AppBase.ExecutarSeguramente(Action acaoExecutar) in C:\Users\desen\Documents\EventoWeb\eventoweb_comum_back\EventoWeb.Comum\Aplicacao\AppBase.cs:line 20
   at EventoWeb.Comum.Aplicacao.Inscricoes.AppInscricaoInclusaoOnLine.Incluir() in C:\Users\desen\Documents\EventoWeb\eventoweb_comum_back\EventoWeb.Comum\Aplicacao\Inscricoes\AppInscricaoInclusaoOnLine.cs:line 22
   at EventoWeb.Inscricao.Controllers.InscricoesController.Incluir(DTOInscricao dto) in C:\Users\desen\Documents\EventoWeb\eventoweb_inscricao_back\EventoWeb.Inscricao\EventoWeb.Inscricao\Controllers\InscricoesController.cs:line 17
   at lambda_method7(Closure, Object, Object[])
   at Microsoft.AspNetCore.Mvc.Infrastructure.ActionMethodExecutor.SyncObjectResultExecutor.Execute(ActionContext actionContext, IActionResultTypeMapper mapper, ObjectMethodExecutor executor, Object controller, Object[] arguments)
   at Microsoft.AspNetCore.Mvc.Infrastructure.ControllerActionInvoker.InvokeActionMethodAsync()
   at Microsoft.AspNetCore.Mvc.Infrastructure.ControllerActionInvoker.Next(State& next, Scope& scope, Object& state, Boolean& isCompleted)
   at Microsoft.AspNetCore.Mvc.Infrastructure.ControllerActionInvoker.InvokeNextActionFilterAsync()
--- End of stack trace from previous location ---
   at Microsoft.AspNetCore.Mvc.Infrastructure.ControllerActionInvoker.Rethrow(ActionExecutedContextSealed context)
   at Microsoft.AspNetCore.Mvc.Infrastructure.ControllerActionInvoker.Next(State& next, Scope& scope, Object& state, Boolean& isCompleted)
   at Microsoft.AspNetCore.Mvc.Infrastructure.ControllerActionInvoker.InvokeInnerFilterAsync()
--- End of stack trace from previous location ---
   at Microsoft.AspNetCore.Mvc.Infrastructure.ResourceInvoker.<InvokeFilterPipelineAsync>g__Awaited|20_0(ResourceInvoker invoker, Task lastTask, State next, Scope scope, Object state, Boolean isCompleted)
   at Microsoft.AspNetCore.Mvc.Infrastructure.ResourceInvoker.<InvokeAsync>g__Awaited|17_0(ResourceInvoker invoker, Task task, IDisposable scope)
   at Microsoft.AspNetCore.Mvc.Infrastructure.ResourceInvoker.<InvokeAsync>g__Awaited|17_0(ResourceInvoker invoker, Task task, IDisposable scope)
   at Microsoft.AspNetCore.Diagnostics.ExceptionHandlerMiddlewareImpl.<Invoke>g__Awaited|10_0(ExceptionHandlerMiddlewareImpl middleware, HttpContext context, Task task)
2026-02-08 09:58:34.414 [Error] Microsoft.AspNetCore.Diagnostics.ExceptionHandlerMiddleware - An unhandled exception has occurred while executing the request. System.ArgumentException: A idade da pessoa é inválida para este tipo de inscrição.
   at EventoWeb.Comum.Negocio.Entidades.Inscricao..ctor(Evento evento, Pessoa pessoa, DateTime dataRecebimento) in C:\Users\desen\Documents\EventoWeb\eventoweb_comum_back\EventoWeb.Comum\Negocio\Entidades\Inscricao.cs:line 18
   at EventoWeb.Comum.Negocio.Entidades.InscricaoParticipante..ctor(Evento evento, Pessoa pessoa, DateTime dataRecebimento) in C:\Users\desen\Documents\EventoWeb\eventoweb_comum_back\EventoWeb.Comum\Negocio\Entidades\InscricaoParticipante.cs:line 8
   at EventoWeb.Comum.Aplicacao.Inscricoes.AppInscricaoInclusaoOnLine.IncluirInscricaoAdulto() in C:\Users\desen\Documents\EventoWeb\eventoweb_comum_back\EventoWeb.Comum\Aplicacao\Inscricoes\AppInscricaoInclusaoOnLine.cs:line 47
   at EventoWeb.Comum.Aplicacao.Inscricoes.AppInscricaoInclusaoOnLine.<Incluir>b__7_0() in C:\Users\desen\Documents\EventoWeb\eventoweb_comum_back\EventoWeb.Comum\Aplicacao\Inscricoes\AppInscricaoInclusaoOnLine.cs:line 24
   at EventoWeb.Comum.Aplicacao.AppBase.ExecutarSeguramente(Action acaoExecutar) in C:\Users\desen\Documents\EventoWeb\eventoweb_comum_back\EventoWeb.Comum\Aplicacao\AppBase.cs:line 20
   at EventoWeb.Comum.Aplicacao.Inscricoes.AppInscricaoInclusaoOnLine.Incluir() in C:\Users\desen\Documents\EventoWeb\eventoweb_comum_back\EventoWeb.Comum\Aplicacao\Inscricoes\AppInscricaoInclusaoOnLine.cs:line 22
   at EventoWeb.Inscricao.Controllers.InscricoesController.Incluir(DTOInscricao dto) in C:\Users\desen\Documents\EventoWeb\eventoweb_inscricao_back\EventoWeb.Inscricao\EventoWeb.Inscricao\Controllers\InscricoesController.cs:line 17
   at lambda_method7(Closure, Object, Object[])
   at Microsoft.AspNetCore.Mvc.Infrastructure.ActionMethodExecutor.SyncObjectResultExecutor.Execute(ActionContext actionContext, IActionResultTypeMapper mapper, ObjectMethodExecutor executor, Object controller, Object[] arguments)
   at Microsoft.AspNetCore.Mvc.Infrastructure.ControllerActionInvoker.InvokeActionMethodAsync()
   at Microsoft.AspNetCore.Mvc.Infrastructure.ControllerActionInvoker.Next(State& next, Scope& scope, Object& state, Boolean& isCompleted)
   at Microsoft.AspNetCore.Mvc.Infrastructure.ControllerActionInvoker.InvokeNextActionFilterAsync()
--- End of stack trace from previous location ---
   at Microsoft.AspNetCore.Mvc.Infrastructure.ControllerActionInvoker.Rethrow(ActionExecutedContextSealed context)
   at Microsoft.AspNetCore.Mvc.Infrastructure.ControllerActionInvoker.Next(State& next, Scope& scope, Object& state, Boolean& isCompleted)
   at Microsoft.AspNetCore.Mvc.Infrastructure.ControllerActionInvoker.InvokeInnerFilterAsync()
--- End of stack trace from previous location ---
   at Microsoft.AspNetCore.Mvc.Infrastructure.ResourceInvoker.<InvokeFilterPipelineAsync>g__Awaited|20_0(ResourceInvoker invoker, Task lastTask, State next, Scope scope, Object state, Boolean isCompleted)
   at Microsoft.AspNetCore.Mvc.Infrastructure.ResourceInvoker.<InvokeAsync>g__Awaited|17_0(ResourceInvoker invoker, Task task, IDisposable scope)
   at Microsoft.AspNetCore.Mvc.Infrastructure.ResourceInvoker.<InvokeAsync>g__Awaited|17_0(ResourceInvoker invoker, Task task, IDisposable scope)
   at Microsoft.AspNetCore.Diagnostics.ExceptionHandlerMiddlewareImpl.<Invoke>g__Awaited|10_0(ExceptionHandlerMiddlewareImpl middleware, HttpContext context, Task task)
2026-02-08 10:00:41.382 [Error] Microsoft.AspNetCore.Diagnostics.ExceptionHandlerMiddleware - An unhandled exception has occurred while executing the request. NHibernate.PropertyValueException: not-null property references a null or transient value EventoWeb.Comum.Negocio.Entidades.Pessoa.DataNascimento
   at NHibernate.Engine.Nullability.CheckNullability(Object[] values, IEntityPersister persister, Boolean isUpdate)
   at NHibernate.Event.Default.AbstractSaveEventListener.PerformSaveOrReplicate(Object entity, EntityKey key, IEntityPersister persister, Boolean useIdentityColumn, Object anything, IEventSource source, Boolean requiresImmediateIdAccess)
   at NHibernate.Event.Default.AbstractSaveEventListener.PerformSave(Object entity, Object id, IEntityPersister persister, Boolean useIdentityColumn, Object anything, IEventSource source, Boolean requiresImmediateIdAccess)
   at NHibernate.Event.Default.AbstractSaveEventListener.SaveWithGeneratedId(Object entity, String entityName, Object anything, IEventSource source, Boolean requiresImmediateIdAccess)
   at NHibernate.Event.Default.DefaultSaveOrUpdateEventListener.SaveWithGeneratedOrRequestedId(SaveOrUpdateEvent event)
   at NHibernate.Event.Default.DefaultSaveOrUpdateEventListener.EntityIsTransient(SaveOrUpdateEvent event)
   at NHibernate.Event.Default.DefaultSaveEventListener.PerformSaveOrUpdate(SaveOrUpdateEvent event)
   at NHibernate.Event.Default.DefaultSaveOrUpdateEventListener.OnSaveOrUpdate(SaveOrUpdateEvent event)
   at NHibernate.Impl.SessionImpl.FireSave(SaveOrUpdateEvent event)
   at NHibernate.Impl.SessionImpl.Save(Object obj)
   at EventoWeb.Comum.Persistencia.Repositorios.PersistenciaNH`1.Incluir(T objeto) in C:\Users\desen\Documents\EventoWeb\eventoweb_comum_back\EventoWeb.Comum\Persistencia\Repositorios\PersistenciaNH.cs:line 12
   at EventoWeb.Comum.Aplicacao.Pedidos.AppPedidoInclusao.GerenciarPessoa(DTOPedido dtoPedido) in C:\Users\desen\Documents\EventoWeb\eventoweb_comum_back\EventoWeb.Comum\Aplicacao\Pedidos\AppPedidoInclusao.cs:line 121
   at EventoWeb.Comum.Aplicacao.Pedidos.AppPedidoInclusao.<>c__DisplayClass8_0.<Incluir>b__0() in C:\Users\desen\Documents\EventoWeb\eventoweb_comum_back\EventoWeb.Comum\Aplicacao\Pedidos\AppPedidoInclusao.cs:line 44
   at EventoWeb.Comum.Aplicacao.AppBase.ExecutarSeguramente(Action acaoExecutar) in C:\Users\desen\Documents\EventoWeb\eventoweb_comum_back\EventoWeb.Comum\Aplicacao\AppBase.cs:line 20
   at EventoWeb.Comum.Aplicacao.Pedidos.AppPedidoInclusao.Incluir(DTOPedido dtoPedido) in C:\Users\desen\Documents\EventoWeb\eventoweb_comum_back\EventoWeb.Comum\Aplicacao\Pedidos\AppPedidoInclusao.cs:line 42
   at EventoWeb.Inscricao.Controllers.PedidosController.Incluir(DTOPedido dto) in C:\Users\desen\Documents\EventoWeb\eventoweb_inscricao_back\EventoWeb.Inscricao\EventoWeb.Inscricao\Controllers\PedidosController.cs:line 13
   at Microsoft.Extensions.Internal.ObjectMethodExecutor.<>c__DisplayClass36_0.<WrapVoidMethod>b__0(Object target, Object[] parameters)
   at Microsoft.AspNetCore.Mvc.Infrastructure.ActionMethodExecutor.VoidResultExecutor.Execute(ActionContext actionContext, IActionResultTypeMapper mapper, ObjectMethodExecutor executor, Object controller, Object[] arguments)
   at Microsoft.AspNetCore.Mvc.Infrastructure.ControllerActionInvoker.InvokeActionMethodAsync()
   at Microsoft.AspNetCore.Mvc.Infrastructure.ControllerActionInvoker.Next(State& next, Scope& scope, Object& state, Boolean& isCompleted)
   at Microsoft.AspNetCore.Mvc.Infrastructure.ControllerActionInvoker.InvokeNextActionFilterAsync()
--- End of stack trace from previous location ---
   at Microsoft.AspNetCore.Mvc.Infrastructure.ControllerActionInvoker.Rethrow(ActionExecutedContextSealed context)
   at Microsoft.AspNetCore.Mvc.Infrastructure.ControllerActionInvoker.Next(State& next, Scope& scope, Object& state, Boolean& isCompleted)
   at Microsoft.AspNetCore.Mvc.Infrastructure.ControllerActionInvoker.InvokeInnerFilterAsync()
--- End of stack trace from previous location ---
   at Microsoft.AspNetCore.Mvc.Infrastructure.ResourceInvoker.<InvokeFilterPipelineAsync>g__Awaited|20_0(ResourceInvoker invoker, Task lastTask, State next, Scope scope, Object state, Boolean isCompleted)
   at Microsoft.AspNetCore.Mvc.Infrastructure.ResourceInvoker.<InvokeAsync>g__Awaited|17_0(ResourceInvoker invoker, Task task, IDisposable scope)
   at Microsoft.AspNetCore.Mvc.Infrastructure.ResourceInvoker.<InvokeAsync>g__Awaited|17_0(ResourceInvoker invoker, Task task, IDisposable scope)
   at Microsoft.AspNetCore.Diagnostics.ExceptionHandlerMiddlewareImpl.<Invoke>g__Awaited|10_0(ExceptionHandlerMiddlewareImpl middleware, HttpContext context, Task task)
2026-02-08 10:01:59.290 [Information] FluentMigrator.Runner.Processors.MySql.MySql5Processor - Beginning Transaction
2026-02-08 10:01:59.351 [Information] FluentMigrator.Runner.Processors.MySql.MySql5Processor - Rolling back transaction
2026-02-08 10:01:59.811 [Debug] Microsoft.AspNetCore.Watch.BrowserRefresh.BlazorWasmHotReloadMiddleware - Middleware loaded
2026-02-08 10:01:59.815 [Debug] Microsoft.AspNetCore.Watch.BrowserRefresh.BrowserScriptMiddleware - Middleware loaded. Script /_framework/aspnetcore-browser-refresh.js (16523 B).
2026-02-08 10:01:59.817 [Debug] Microsoft.AspNetCore.Watch.BrowserRefresh.BrowserScriptMiddleware - Middleware loaded. Script /_framework/blazor-hotreload.js (799 B).
2026-02-08 10:01:59.877 [Debug] Microsoft.AspNetCore.Watch.BrowserRefresh.BrowserRefreshMiddleware - Middleware loaded: DOTNET_MODIFIABLE_ASSEMBLIES=debug, __ASPNETCORE_BROWSER_TOOLS=true
2026-02-08 10:01:59.901 [Warning] Microsoft.AspNetCore.Server.Kestrel.Core.KestrelServer - The ASP.NET Core developer certificate is not trusted. For information about trusting the ASP.NET Core developer certificate, see https://aka.ms/aspnet/https-trust-dev-cert
2026-02-08 10:01:59.931 [Information] Microsoft.Hosting.Lifetime - Now listening on: https://localhost:7248
2026-02-08 10:01:59.933 [Information] Microsoft.Hosting.Lifetime - Now listening on: http://localhost:5020
2026-02-08 10:01:59.977 [Information] Microsoft.Hosting.Lifetime - Application started. Press Ctrl+C to shut down.
2026-02-08 10:01:59.980 [Information] Microsoft.Hosting.Lifetime - Hosting environment: Development
2026-02-08 10:01:59.983 [Information] Microsoft.Hosting.Lifetime - Content root path: C:\Users\desen\Documents\EventoWeb\eventoweb_inscricao_back\EventoWeb.Inscricao\EventoWeb.Inscricao
2026-02-08 10:02:18.263 [Error] Microsoft.AspNetCore.Diagnostics.ExceptionHandlerMiddleware - An unhandled exception has occurred while executing the request. NHibernate.InstantiationException: No default constructor for entity: EventoWeb.Comum.Negocio.ObjetosValor.ValorMonetario
   at NHibernate.Tuple.PocoInstantiator.CreateInstance()
   at NHibernate.Tuple.PocoInstantiator.Instantiate()
   at NHibernate.Tuple.Component.AbstractComponentTuplizer.Instantiate()
   at NHibernate.Type.ComponentType.Instantiate()
   at NHibernate.Type.ComponentType.DeepCopy(Object component, ISessionFactoryImplementor factory)
   at NHibernate.Type.TypeHelper.DeepCopy(Object[] values, IType[] types, Boolean[] copy, Object[] target, ISessionImplementor session)
   at NHibernate.Event.Default.AbstractSaveEventListener.PerformSaveOrReplicate(Object entity, EntityKey key, IEntityPersister persister, Boolean useIdentityColumn, Object anything, IEventSource source, Boolean requiresImmediateIdAccess)
   at NHibernate.Event.Default.AbstractSaveEventListener.PerformSave(Object entity, Object id, IEntityPersister persister, Boolean useIdentityColumn, Object anything, IEventSource source, Boolean requiresImmediateIdAccess)
   at NHibernate.Event.Default.AbstractSaveEventListener.SaveWithGeneratedId(Object entity, String entityName, Object anything, IEventSource source, Boolean requiresImmediateIdAccess)
   at NHibernate.Event.Default.DefaultSaveOrUpdateEventListener.SaveWithGeneratedOrRequestedId(SaveOrUpdateEvent event)
   at NHibernate.Event.Default.DefaultSaveOrUpdateEventListener.EntityIsTransient(SaveOrUpdateEvent event)
   at NHibernate.Event.Default.DefaultSaveOrUpdateEventListener.PerformSaveOrUpdate(SaveOrUpdateEvent event)
   at NHibernate.Event.Default.DefaultSaveOrUpdateEventListener.OnSaveOrUpdate(SaveOrUpdateEvent event)
   at NHibernate.Impl.SessionImpl.FireSaveOrUpdate(SaveOrUpdateEvent event)
   at NHibernate.Impl.SessionImpl.SaveOrUpdate(String entityName, Object obj)
   at NHibernate.Engine.CascadingAction.SaveUpdateCascadingAction.Cascade(IEventSource session, Object child, String entityName, Object anything, Boolean isCascadeDeleteEnabled)
   at NHibernate.Engine.Cascade.CascadeToOne(Object parent, Object child, IType type, CascadeStyle style, Object anything, Boolean isCascadeDeleteEnabled)
   at NHibernate.Engine.Cascade.CascadeAssociation(Object parent, Object child, IType type, CascadeStyle style, Object anything, Boolean isCascadeDeleteEnabled)
   at NHibernate.Engine.Cascade.CascadeProperty(Object parent, Object child, IType type, CascadeStyle style, String propertyName, Object anything, Boolean isCascadeDeleteEnabled)
   at NHibernate.Engine.Cascade.CascadeOn(IEntityPersister persister, Object parent, Object anything)
   at NHibernate.Event.Default.AbstractSaveEventListener.CascadeBeforeSave(IEventSource source, IEntityPersister persister, Object entity, Object anything)
   at NHibernate.Event.Default.AbstractSaveEventListener.PerformSaveOrReplicate(Object entity, EntityKey key, IEntityPersister persister, Boolean useIdentityColumn, Object anything, IEventSource source, Boolean requiresImmediateIdAccess)
   at NHibernate.Event.Default.AbstractSaveEventListener.PerformSave(Object entity, Object id, IEntityPersister persister, Boolean useIdentityColumn, Object anything, IEventSource source, Boolean requiresImmediateIdAccess)
   at NHibernate.Event.Default.AbstractSaveEventListener.SaveWithGeneratedId(Object entity, String entityName, Object anything, IEventSource source, Boolean requiresImmediateIdAccess)
   at NHibernate.Event.Default.DefaultSaveOrUpdateEventListener.SaveWithGeneratedOrRequestedId(SaveOrUpdateEvent event)
   at NHibernate.Event.Default.DefaultSaveOrUpdateEventListener.EntityIsTransient(SaveOrUpdateEvent event)
   at NHibernate.Event.Default.DefaultSaveEventListener.PerformSaveOrUpdate(SaveOrUpdateEvent event)
   at NHibernate.Event.Default.DefaultSaveOrUpdateEventListener.OnSaveOrUpdate(SaveOrUpdateEvent event)
   at NHibernate.Impl.SessionImpl.FireSave(SaveOrUpdateEvent event)
   at NHibernate.Impl.SessionImpl.Save(Object obj)
   at EventoWeb.Comum.Persistencia.Repositorios.PersistenciaNH`1.Incluir(T objeto) in C:\Users\desen\Documents\EventoWeb\eventoweb_comum_back\EventoWeb.Comum\Persistencia\Repositorios\PersistenciaNH.cs:line 12
   at EventoWeb.Comum.Aplicacao.Pedidos.AppPedidoInclusao.<>c__DisplayClass8_0.<Incluir>b__0() in C:\Users\desen\Documents\EventoWeb\eventoweb_comum_back\EventoWeb.Comum\Aplicacao\Pedidos\AppPedidoInclusao.cs:line 63
   at EventoWeb.Comum.Aplicacao.AppBase.ExecutarSeguramente(Action acaoExecutar) in C:\Users\desen\Documents\EventoWeb\eventoweb_comum_back\EventoWeb.Comum\Aplicacao\AppBase.cs:line 20
   at EventoWeb.Comum.Aplicacao.Pedidos.AppPedidoInclusao.Incluir(DTOPedido dtoPedido) in C:\Users\desen\Documents\EventoWeb\eventoweb_comum_back\EventoWeb.Comum\Aplicacao\Pedidos\AppPedidoInclusao.cs:line 42
   at EventoWeb.Inscricao.Controllers.PedidosController.Incluir(DTOPedido dto) in C:\Users\desen\Documents\EventoWeb\eventoweb_inscricao_back\EventoWeb.Inscricao\EventoWeb.Inscricao\Controllers\PedidosController.cs:line 13
   at Microsoft.Extensions.Internal.ObjectMethodExecutor.<>c__DisplayClass36_0.<WrapVoidMethod>b__0(Object target, Object[] parameters)
   at Microsoft.AspNetCore.Mvc.Infrastructure.ActionMethodExecutor.VoidResultExecutor.Execute(ActionContext actionContext, IActionResultTypeMapper mapper, ObjectMethodExecutor executor, Object controller, Object[] arguments)
   at Microsoft.AspNetCore.Mvc.Infrastructure.ControllerActionInvoker.InvokeActionMethodAsync()
   at Microsoft.AspNetCore.Mvc.Infrastructure.ControllerActionInvoker.Next(State& next, Scope& scope, Object& state, Boolean& isCompleted)
   at Microsoft.AspNetCore.Mvc.Infrastructure.ControllerActionInvoker.InvokeNextActionFilterAsync()
--- End of stack trace from previous location ---
   at Microsoft.AspNetCore.Mvc.Infrastructure.ControllerActionInvoker.Rethrow(ActionExecutedContextSealed context)
   at Microsoft.AspNetCore.Mvc.Infrastructure.ControllerActionInvoker.Next(State& next, Scope& scope, Object& state, Boolean& isCompleted)
   at Microsoft.AspNetCore.Mvc.Infrastructure.ControllerActionInvoker.InvokeInnerFilterAsync()
--- End of stack trace from previous location ---
   at Microsoft.AspNetCore.Mvc.Infrastructure.ResourceInvoker.<InvokeFilterPipelineAsync>g__Awaited|20_0(ResourceInvoker invoker, Task lastTask, State next, Scope scope, Object state, Boolean isCompleted)
   at Microsoft.AspNetCore.Mvc.Infrastructure.ResourceInvoker.<InvokeAsync>g__Awaited|17_0(ResourceInvoker invoker, Task task, IDisposable scope)
   at Microsoft.AspNetCore.Mvc.Infrastructure.ResourceInvoker.<InvokeAsync>g__Awaited|17_0(ResourceInvoker invoker, Task task, IDisposable scope)
   at Microsoft.AspNetCore.Diagnostics.ExceptionHandlerMiddlewareImpl.<Invoke>g__Awaited|10_0(ExceptionHandlerMiddlewareImpl middleware, HttpContext context, Task task)
2026-02-08 10:02:52.027 [Error] Microsoft.AspNetCore.Diagnostics.ExceptionHandlerMiddleware - An unhandled exception has occurred while executing the request. NHibernate.InstantiationException: No default constructor for entity: EventoWeb.Comum.Negocio.ObjetosValor.ValorMonetario
   at NHibernate.Tuple.PocoInstantiator.CreateInstance()
   at NHibernate.Tuple.PocoInstantiator.Instantiate()
   at NHibernate.Tuple.Component.AbstractComponentTuplizer.Instantiate()
   at NHibernate.Type.ComponentType.Instantiate()
   at NHibernate.Type.ComponentType.DeepCopy(Object component, ISessionFactoryImplementor factory)
   at NHibernate.Type.TypeHelper.DeepCopy(Object[] values, IType[] types, Boolean[] copy, Object[] target, ISessionImplementor session)
   at NHibernate.Event.Default.AbstractSaveEventListener.PerformSaveOrReplicate(Object entity, EntityKey key, IEntityPersister persister, Boolean useIdentityColumn, Object anything, IEventSource source, Boolean requiresImmediateIdAccess)
   at NHibernate.Event.Default.AbstractSaveEventListener.PerformSave(Object entity, Object id, IEntityPersister persister, Boolean useIdentityColumn, Object anything, IEventSource source, Boolean requiresImmediateIdAccess)
   at NHibernate.Event.Default.AbstractSaveEventListener.SaveWithGeneratedId(Object entity, String entityName, Object anything, IEventSource source, Boolean requiresImmediateIdAccess)
   at NHibernate.Event.Default.DefaultSaveOrUpdateEventListener.SaveWithGeneratedOrRequestedId(SaveOrUpdateEvent event)
   at NHibernate.Event.Default.DefaultSaveOrUpdateEventListener.EntityIsTransient(SaveOrUpdateEvent event)
   at NHibernate.Event.Default.DefaultSaveOrUpdateEventListener.PerformSaveOrUpdate(SaveOrUpdateEvent event)
   at NHibernate.Event.Default.DefaultSaveOrUpdateEventListener.OnSaveOrUpdate(SaveOrUpdateEvent event)
   at NHibernate.Impl.SessionImpl.FireSaveOrUpdate(SaveOrUpdateEvent event)
   at NHibernate.Impl.SessionImpl.SaveOrUpdate(String entityName, Object obj)
   at NHibernate.Engine.CascadingAction.SaveUpdateCascadingAction.Cascade(IEventSource session, Object child, String entityName, Object anything, Boolean isCascadeDeleteEnabled)
   at NHibernate.Engine.Cascade.CascadeToOne(Object parent, Object child, IType type, CascadeStyle style, Object anything, Boolean isCascadeDeleteEnabled)
   at NHibernate.Engine.Cascade.CascadeAssociation(Object parent, Object child, IType type, CascadeStyle style, Object anything, Boolean isCascadeDeleteEnabled)
   at NHibernate.Engine.Cascade.CascadeProperty(Object parent, Object child, IType type, CascadeStyle style, String propertyName, Object anything, Boolean isCascadeDeleteEnabled)
   at NHibernate.Engine.Cascade.CascadeOn(IEntityPersister persister, Object parent, Object anything)
   at NHibernate.Event.Default.AbstractSaveEventListener.CascadeBeforeSave(IEventSource source, IEntityPersister persister, Object entity, Object anything)
   at NHibernate.Event.Default.AbstractSaveEventListener.PerformSaveOrReplicate(Object entity, EntityKey key, IEntityPersister persister, Boolean useIdentityColumn, Object anything, IEventSource source, Boolean requiresImmediateIdAccess)
   at NHibernate.Event.Default.AbstractSaveEventListener.PerformSave(Object entity, Object id, IEntityPersister persister, Boolean useIdentityColumn, Object anything, IEventSource source, Boolean requiresImmediateIdAccess)
   at NHibernate.Event.Default.AbstractSaveEventListener.SaveWithGeneratedId(Object entity, String entityName, Object anything, IEventSource source, Boolean requiresImmediateIdAccess)
   at NHibernate.Event.Default.DefaultSaveOrUpdateEventListener.SaveWithGeneratedOrRequestedId(SaveOrUpdateEvent event)
   at NHibernate.Event.Default.DefaultSaveOrUpdateEventListener.EntityIsTransient(SaveOrUpdateEvent event)
   at NHibernate.Event.Default.DefaultSaveEventListener.PerformSaveOrUpdate(SaveOrUpdateEvent event)
   at NHibernate.Event.Default.DefaultSaveOrUpdateEventListener.OnSaveOrUpdate(SaveOrUpdateEvent event)
   at NHibernate.Impl.SessionImpl.FireSave(SaveOrUpdateEvent event)
   at NHibernate.Impl.SessionImpl.Save(Object obj)
   at EventoWeb.Comum.Persistencia.Repositorios.PersistenciaNH`1.Incluir(T objeto)
   at EventoWeb.Comum.Aplicacao.Pedidos.AppPedidoInclusao.<>c__DisplayClass8_0.<Incluir>b__0()
   at EventoWeb.Comum.Aplicacao.AppBase.ExecutarSeguramente(Action acaoExecutar)
   at EventoWeb.Comum.Aplicacao.Pedidos.AppPedidoInclusao.Incluir(DTOPedido dtoPedido)
   at EventoWeb.Inscricao.Controllers.PedidosController.Incluir(DTOPedido dto) in C:\Users\desen\Documents\EventoWeb\eventoweb_inscricao_back\EventoWeb.Inscricao\EventoWeb.Inscricao\Controllers\PedidosController.cs:line 13
   at Microsoft.Extensions.Internal.ObjectMethodExecutor.<>c__DisplayClass36_0.<WrapVoidMethod>b__0(Object target, Object[] parameters)
   at Microsoft.AspNetCore.Mvc.Infrastructure.ActionMethodExecutor.VoidResultExecutor.Execute(ActionContext actionContext, IActionResultTypeMapper mapper, ObjectMethodExecutor executor, Object controller, Object[] arguments)
   at Microsoft.AspNetCore.Mvc.Infrastructure.ControllerActionInvoker.InvokeActionMethodAsync()
   at Microsoft.AspNetCore.Mvc.Infrastructure.ControllerActionInvoker.Next(State& next, Scope& scope, Object& state, Boolean& isCompleted)
   at Microsoft.AspNetCore.Mvc.Infrastructure.ControllerActionInvoker.InvokeNextActionFilterAsync()
--- End of stack trace from previous location ---
   at Microsoft.AspNetCore.Mvc.Infrastructure.ControllerActionInvoker.Rethrow(ActionExecutedContextSealed context)
   at Microsoft.AspNetCore.Mvc.Infrastructure.ControllerActionInvoker.Next(State& next, Scope& scope, Object& state, Boolean& isCompleted)
   at Microsoft.AspNetCore.Mvc.Infrastructure.ControllerActionInvoker.InvokeInnerFilterAsync()
--- End of stack trace from previous location ---
   at Microsoft.AspNetCore.Mvc.Infrastructure.ResourceInvoker.<InvokeFilterPipelineAsync>g__Awaited|20_0(ResourceInvoker invoker, Task lastTask, State next, Scope scope, Object state, Boolean isCompleted)
   at Microsoft.AspNetCore.Mvc.Infrastructure.ResourceInvoker.<InvokeAsync>g__Awaited|17_0(ResourceInvoker invoker, Task task, IDisposable scope)
   at Microsoft.AspNetCore.Mvc.Infrastructure.ResourceInvoker.<InvokeAsync>g__Awaited|17_0(ResourceInvoker invoker, Task task, IDisposable scope)
   at Microsoft.AspNetCore.Diagnostics.ExceptionHandlerMiddlewareImpl.<Invoke>g__Awaited|10_0(ExceptionHandlerMiddlewareImpl middleware, HttpContext context, Task task)
2026-02-08 10:02:58.540 [Information] FluentMigrator.Runner.Processors.MySql.MySql5Processor - Beginning Transaction
2026-02-08 10:02:58.561 [Information] FluentMigrator.Runner.Processors.MySql.MySql5Processor - Rolling back transaction
2026-02-08 10:02:59.082 [Debug] Microsoft.AspNetCore.Watch.BrowserRefresh.BlazorWasmHotReloadMiddleware - Middleware loaded
2026-02-08 10:02:59.086 [Debug] Microsoft.AspNetCore.Watch.BrowserRefresh.BrowserScriptMiddleware - Middleware loaded. Script /_framework/aspnetcore-browser-refresh.js (16523 B).
2026-02-08 10:02:59.088 [Debug] Microsoft.AspNetCore.Watch.BrowserRefresh.BrowserScriptMiddleware - Middleware loaded. Script /_framework/blazor-hotreload.js (799 B).
2026-02-08 10:02:59.148 [Debug] Microsoft.AspNetCore.Watch.BrowserRefresh.BrowserRefreshMiddleware - Middleware loaded: DOTNET_MODIFIABLE_ASSEMBLIES=debug, __ASPNETCORE_BROWSER_TOOLS=true
2026-02-08 10:02:59.172 [Warning] Microsoft.AspNetCore.Server.Kestrel.Core.KestrelServer - The ASP.NET Core developer certificate is not trusted. For information about trusting the ASP.NET Core developer certificate, see https://aka.ms/aspnet/https-trust-dev-cert
2026-02-08 10:02:59.199 [Information] Microsoft.Hosting.Lifetime - Now listening on: https://localhost:7248
2026-02-08 10:02:59.201 [Information] Microsoft.Hosting.Lifetime - Now listening on: http://localhost:5020
2026-02-08 10:02:59.229 [Information] Microsoft.Hosting.Lifetime - Application started. Press Ctrl+C to shut down.
2026-02-08 10:02:59.231 [Information] Microsoft.Hosting.Lifetime - Hosting environment: Development
2026-02-08 10:02:59.233 [Information] Microsoft.Hosting.Lifetime - Content root path: C:\Users\desen\Documents\EventoWeb\eventoweb_inscricao_back\EventoWeb.Inscricao\EventoWeb.Inscricao
2026-02-08 10:03:17.428 [Error] Microsoft.AspNetCore.Diagnostics.ExceptionHandlerMiddleware - An unhandled exception has occurred while executing the request. NHibernate.Exceptions.GenericADOException: could not insert: [EventoWeb.Comum.Negocio.Entidades.Pedido][SQL: INSERT INTO pedidos (valor, tipo, id_forma_pagamento, id_conta, id_pessoa_pagadora) VALUES (?, ?, ?, ?, ?);SELECT LAST_INSERT_ID()]
 ---> MySql.Data.MySqlClient.MySqlException (0x80004005): Column 'id_forma_pagamento' cannot be null
   at MySql.Data.MySqlClient.MySqlStream.ReadPacketAsync(Boolean execAsync)
   at MySql.Data.MySqlClient.NativeDriver.GetResultAsync(Int32 affectedRow, Int64 insertedId, Boolean execAsync)
   at MySql.Data.MySqlClient.Driver.GetResultAsync(Int32 statementId, Int32 affectedRows, Int64 insertedId, Boolean execAsync)
   at MySql.Data.MySqlClient.Driver.NextResultAsync(Int32 statementId, Boolean force, Boolean execAsync)
   at MySql.Data.MySqlClient.MySqlDataReader.NextResultAsync(Boolean execAsync, CancellationToken cancellationToken)
   at MySql.Data.MySqlClient.MySqlDataReader.NextResultAsync(Boolean execAsync, CancellationToken cancellationToken)
   at MySql.Data.MySqlClient.MySqlCommand.ExecuteReaderAsync(CommandBehavior behavior, Boolean execAsync, CancellationToken cancellationToken)
   at MySql.Data.MySqlClient.MySqlCommand.ExecuteReaderAsync(CommandBehavior behavior, Boolean execAsync, CancellationToken cancellationToken)
   at MySql.Data.MySqlClient.MySqlCommand.ExecuteReaderAsync(CommandBehavior behavior, Boolean execAsync, CancellationToken cancellationToken)
   at MySql.Data.MySqlClient.MySqlCommand.ExecuteReader(CommandBehavior behavior)
   at MySql.Data.MySqlClient.MySqlCommand.ExecuteDbDataReader(CommandBehavior behavior)
   at NHibernate.AdoNet.AbstractBatcher.DoExecuteReader(DbCommand cmd)
   at NHibernate.AdoNet.AbstractBatcher.ExecuteReader(DbCommand cmd)
   at NHibernate.Id.IdentityGenerator.InsertSelectDelegate.ExecuteAndExtract(DbCommand insert, ISessionImplementor session)
   at NHibernate.Id.Insert.AbstractReturningDelegate.PerformInsert(SqlCommandInfo insertSQL, ISessionImplementor session, IBinder binder)
   --- End of inner exception stack trace ---
   at NHibernate.Id.Insert.AbstractReturningDelegate.PerformInsert(SqlCommandInfo insertSQL, ISessionImplementor session, IBinder binder)
   at NHibernate.Persister.Entity.AbstractEntityPersister.Insert(Object[] fields, Boolean[] notNull, SqlCommandInfo sql, Object obj, ISessionImplementor session)
   at NHibernate.Persister.Entity.AbstractEntityPersister.Insert(Object[] fields, Object obj, ISessionImplementor session)
   at NHibernate.Action.EntityIdentityInsertAction.Execute()
   at NHibernate.Engine.ActionQueue.InnerExecute(IExecutable executable)
   at NHibernate.Engine.ActionQueue.Execute(IExecutable executable)
   at NHibernate.Event.Default.AbstractSaveEventListener.PerformSaveOrReplicate(Object entity, EntityKey key, IEntityPersister persister, Boolean useIdentityColumn, Object anything, IEventSource source, Boolean requiresImmediateIdAccess)
   at NHibernate.Event.Default.AbstractSaveEventListener.PerformSave(Object entity, Object id, IEntityPersister persister, Boolean useIdentityColumn, Object anything, IEventSource source, Boolean requiresImmediateIdAccess)
   at NHibernate.Event.Default.AbstractSaveEventListener.SaveWithGeneratedId(Object entity, String entityName, Object anything, IEventSource source, Boolean requiresImmediateIdAccess)
   at NHibernate.Event.Default.DefaultSaveOrUpdateEventListener.SaveWithGeneratedOrRequestedId(SaveOrUpdateEvent event)
   at NHibernate.Event.Default.DefaultSaveOrUpdateEventListener.EntityIsTransient(SaveOrUpdateEvent event)
   at NHibernate.Event.Default.DefaultSaveEventListener.PerformSaveOrUpdate(SaveOrUpdateEvent event)
   at NHibernate.Event.Default.DefaultSaveOrUpdateEventListener.OnSaveOrUpdate(SaveOrUpdateEvent event)
   at NHibernate.Impl.SessionImpl.FireSave(SaveOrUpdateEvent event)
   at NHibernate.Impl.SessionImpl.Save(Object obj)
   at EventoWeb.Comum.Persistencia.Repositorios.PersistenciaNH`1.Incluir(T objeto) in C:\Users\desen\Documents\EventoWeb\eventoweb_comum_back\EventoWeb.Comum\Persistencia\Repositorios\PersistenciaNH.cs:line 12
   at EventoWeb.Comum.Aplicacao.Pedidos.AppPedidoInclusao.<>c__DisplayClass8_0.<Incluir>b__0() in C:\Users\desen\Documents\EventoWeb\eventoweb_comum_back\EventoWeb.Comum\Aplicacao\Pedidos\AppPedidoInclusao.cs:line 63
   at EventoWeb.Comum.Aplicacao.AppBase.ExecutarSeguramente(Action acaoExecutar) in C:\Users\desen\Documents\EventoWeb\eventoweb_comum_back\EventoWeb.Comum\Aplicacao\AppBase.cs:line 20
   at EventoWeb.Comum.Aplicacao.Pedidos.AppPedidoInclusao.Incluir(DTOPedido dtoPedido) in C:\Users\desen\Documents\EventoWeb\eventoweb_comum_back\EventoWeb.Comum\Aplicacao\Pedidos\AppPedidoInclusao.cs:line 42
   at EventoWeb.Inscricao.Controllers.PedidosController.Incluir(DTOPedido dto) in C:\Users\desen\Documents\EventoWeb\eventoweb_inscricao_back\EventoWeb.Inscricao\EventoWeb.Inscricao\Controllers\PedidosController.cs:line 13
   at Microsoft.Extensions.Internal.ObjectMethodExecutor.<>c__DisplayClass36_0.<WrapVoidMethod>b__0(Object target, Object[] parameters)
   at Microsoft.AspNetCore.Mvc.Infrastructure.ActionMethodExecutor.VoidResultExecutor.Execute(ActionContext actionContext, IActionResultTypeMapper mapper, ObjectMethodExecutor executor, Object controller, Object[] arguments)
   at Microsoft.AspNetCore.Mvc.Infrastructure.ControllerActionInvoker.InvokeActionMethodAsync()
   at Microsoft.AspNetCore.Mvc.Infrastructure.ControllerActionInvoker.Next(State& next, Scope& scope, Object& state, Boolean& isCompleted)
   at Microsoft.AspNetCore.Mvc.Infrastructure.ControllerActionInvoker.InvokeNextActionFilterAsync()
--- End of stack trace from previous location ---
   at Microsoft.AspNetCore.Mvc.Infrastructure.ControllerActionInvoker.Rethrow(ActionExecutedContextSealed context)
   at Microsoft.AspNetCore.Mvc.Infrastructure.ControllerActionInvoker.Next(State& next, Scope& scope, Object& state, Boolean& isCompleted)
   at Microsoft.AspNetCore.Mvc.Infrastructure.ControllerActionInvoker.InvokeInnerFilterAsync()
--- End of stack trace from previous location ---
   at Microsoft.AspNetCore.Mvc.Infrastructure.ResourceInvoker.<InvokeFilterPipelineAsync>g__Awaited|20_0(ResourceInvoker invoker, Task lastTask, State next, Scope scope, Object state, Boolean isCompleted)
   at Microsoft.AspNetCore.Mvc.Infrastructure.ResourceInvoker.<InvokeAsync>g__Awaited|17_0(ResourceInvoker invoker, Task task, IDisposable scope)
   at Microsoft.AspNetCore.Mvc.Infrastructure.ResourceInvoker.<InvokeAsync>g__Awaited|17_0(ResourceInvoker invoker, Task task, IDisposable scope)
   at Microsoft.AspNetCore.Diagnostics.ExceptionHandlerMiddlewareImpl.<Invoke>g__Awaited|10_0(ExceptionHandlerMiddlewareImpl middleware, HttpContext context, Task task)
2026-02-08 10:15:28.848 [Information] FluentMigrator.Runner.Processors.MySql.MySql5Processor - Beginning Transaction
2026-02-08 10:15:28.868 [Information] FluentMigrator.Runner.Processors.MySql.MySql5Processor - Rolling back transaction
2026-02-08 10:15:29.292 [Debug] Microsoft.AspNetCore.Watch.BrowserRefresh.BlazorWasmHotReloadMiddleware - Middleware loaded
2026-02-08 10:15:29.296 [Debug] Microsoft.AspNetCore.Watch.BrowserRefresh.BrowserScriptMiddleware - Middleware loaded. Script /_framework/aspnetcore-browser-refresh.js (16523 B).
2026-02-08 10:15:29.298 [Debug] Microsoft.AspNetCore.Watch.BrowserRefresh.BrowserScriptMiddleware - Middleware loaded. Script /_framework/blazor-hotreload.js (799 B).
2026-02-08 10:15:29.359 [Debug] Microsoft.AspNetCore.Watch.BrowserRefresh.BrowserRefreshMiddleware - Middleware loaded: DOTNET_MODIFIABLE_ASSEMBLIES=debug, __ASPNETCORE_BROWSER_TOOLS=true
2026-02-08 10:15:29.383 [Warning] Microsoft.AspNetCore.Server.Kestrel.Core.KestrelServer - The ASP.NET Core developer certificate is not trusted. For information about trusting the ASP.NET Core developer certificate, see https://aka.ms/aspnet/https-trust-dev-cert
2026-02-08 10:15:29.412 [Information] Microsoft.Hosting.Lifetime - Now listening on: https://localhost:7248
2026-02-08 10:15:29.415 [Information] Microsoft.Hosting.Lifetime - Now listening on: http://localhost:5020
2026-02-08 10:15:29.444 [Information] Microsoft.Hosting.Lifetime - Application started. Press Ctrl+C to shut down.
2026-02-08 10:15:29.446 [Information] Microsoft.Hosting.Lifetime - Hosting environment: Development
2026-02-08 10:15:29.448 [Information] Microsoft.Hosting.Lifetime - Content root path: C:\Users\desen\Documents\EventoWeb\eventoweb_inscricao_back\EventoWeb.Inscricao\EventoWeb.Inscricao
2026-02-08 10:15:46.772 [Error] Microsoft.AspNetCore.Diagnostics.ExceptionHandlerMiddleware - An unhandled exception has occurred while executing the request. System.Exception: Somente são aceitas inscrições que estejam no limbo
   at EventoWeb.Comum.Negocio.Entidades.Pedido..ctor(Pessoa pagador, IEnumerable`1 inscricoes, ValorMonetario valor, EnumTipoPedido tipo, FormaPagamento forma) in C:\Users\desen\Documents\EventoWeb\eventoweb_comum_back\EventoWeb.Comum\Negocio\Entidades\Pedido.cs:line 18
   at EventoWeb.Comum.Aplicacao.Pedidos.AppPedidoInclusao.<>c__DisplayClass8_0.<Incluir>b__0() in C:\Users\desen\Documents\EventoWeb\eventoweb_comum_back\EventoWeb.Comum\Aplicacao\Pedidos\AppPedidoInclusao.cs:line 54
   at EventoWeb.Comum.Aplicacao.AppBase.ExecutarSeguramente(Action acaoExecutar) in C:\Users\desen\Documents\EventoWeb\eventoweb_comum_back\EventoWeb.Comum\Aplicacao\AppBase.cs:line 20
   at EventoWeb.Comum.Aplicacao.Pedidos.AppPedidoInclusao.Incluir(DTOPedido dtoPedido) in C:\Users\desen\Documents\EventoWeb\eventoweb_comum_back\EventoWeb.Comum\Aplicacao\Pedidos\AppPedidoInclusao.cs:line 42
   at EventoWeb.Inscricao.Controllers.PedidosController.Incluir(DTOPedido dto) in C:\Users\desen\Documents\EventoWeb\eventoweb_inscricao_back\EventoWeb.Inscricao\EventoWeb.Inscricao\Controllers\PedidosController.cs:line 13
   at lambda_method2(Closure, Object, Object[])
   at Microsoft.AspNetCore.Mvc.Infrastructure.ActionMethodExecutor.SyncObjectResultExecutor.Execute(ActionContext actionContext, IActionResultTypeMapper mapper, ObjectMethodExecutor executor, Object controller, Object[] arguments)
   at Microsoft.AspNetCore.Mvc.Infrastructure.ControllerActionInvoker.InvokeActionMethodAsync()
   at Microsoft.AspNetCore.Mvc.Infrastructure.ControllerActionInvoker.Next(State& next, Scope& scope, Object& state, Boolean& isCompleted)
   at Microsoft.AspNetCore.Mvc.Infrastructure.ControllerActionInvoker.InvokeNextActionFilterAsync()
--- End of stack trace from previous location ---
   at Microsoft.AspNetCore.Mvc.Infrastructure.ControllerActionInvoker.Rethrow(ActionExecutedContextSealed context)
   at Microsoft.AspNetCore.Mvc.Infrastructure.ControllerActionInvoker.Next(State& next, Scope& scope, Object& state, Boolean& isCompleted)
   at Microsoft.AspNetCore.Mvc.Infrastructure.ControllerActionInvoker.InvokeInnerFilterAsync()
--- End of stack trace from previous location ---
   at Microsoft.AspNetCore.Mvc.Infrastructure.ResourceInvoker.<InvokeFilterPipelineAsync>g__Awaited|20_0(ResourceInvoker invoker, Task lastTask, State next, Scope scope, Object state, Boolean isCompleted)
   at Microsoft.AspNetCore.Mvc.Infrastructure.ResourceInvoker.<InvokeAsync>g__Awaited|17_0(ResourceInvoker invoker, Task task, IDisposable scope)
   at Microsoft.AspNetCore.Mvc.Infrastructure.ResourceInvoker.<InvokeAsync>g__Awaited|17_0(ResourceInvoker invoker, Task task, IDisposable scope)
   at Microsoft.AspNetCore.Diagnostics.ExceptionHandlerMiddlewareImpl.<Invoke>g__Awaited|10_0(ExceptionHandlerMiddlewareImpl middleware, HttpContext context, Task task)
